date,ticker,sentiment_score,avg_compound,total_posts,positive_count,negative_count,weighted_sentiment
2014-10-26,AAPL,100.0,9.034400778642388,1,9.94102198354136,0.0,100.0
2014-10-27,AAPL,100.0,1.7137459603234213,1,9.720623711420426,0.0,100.0
2014-11-20,AAPL,0.0,0.0,1,0.0,0.0,0.0
2015-06-09,AAPL,100.0,10.259899532209905,1,10.33326571881348,0.0,100.0
2015-07-13,AAPL,-100.0,-5.173028754942889,1,0.0,9.821584877430965,-100.0
2015-08-25,AAPL,100.0,0.9437459462140491,1,2.09861228866811,0.0,100.0
2015-09-22,AAPL,0.0,0.0,1,0.0,0.0,0.0
2015-09-25,AAPL,0.0,0.0,1,0.0,0.0,0.0
2015-12-01,AAPL,100.0,3.8539508384696077,1,9.589327789175437,0.0,100.0
2015-12-03,AAPL,0.0,0.0,1,0.0,0.0,0.0
2015-12-08,AAPL,0.0,0.0,1,0.0,0.0,0.0
2015-12-09,AAPL,-100.0,-0.38315920696071565,1,0.0,1.6931471805599454,-100.0
2015-12-14,AAPL,0.0,0.0,1,0.0,0.0,0.0
2015-12-16,AAPL,-100.0,-0.807123260972926,1,0.0,1.6931471805599454,-100.0
2015-12-22,AAPL,0.0,0.0,1,0.0,0.0,0.0
2015-12-29,AAPL,0.0,0.0,1,0.0,0.0,0.0
2015-12-30,AAPL,-100.0,-0.216722839111673,1,0.0,1.6931471805599454,-100.0
2016-01-07,AAPL,-100.0,-0.8645209503939082,1,0.0,1.6931471805599454,-100.0
2016-01-12,AAPL,0.0,0.0,1,0.0,0.0,0.0
2016-01-26,AAPL,100.0,0.9683108725622327,1,1.6931471805599454,0.0,100.0
2016-02-23,AAPL,0.0,0.0,1,0.0,0.0,0.0
2016-03-19,AAPL,100.0,0.1866715630770284,2,2.09861228866811,0.0,100.0
2016-04-20,AAPL,0.0,0.0,1,0.0,0.0,0.0
2016-04-26,AAPL,0.0,0.0,1,0.0,0.0,0.0
2016-05-13,AAPL,-100.0,-0.6444612631470786,1,0.0,8.347943823148686,-100.0
2016-05-19,AAPL,0.0,0.0,1,0.0,0.0,0.0
2016-06-14,AAPL,0.0,0.0,1,0.0,0.0,0.0
2016-08-06,AAPL,100.0,2.784649596634937,1,9.705993714307901,0.0,100.0
2016-08-30,AAPL,-100.0,-0.9761342992992562,1,0.0,9.504715669905124,-100.0
2016-08-31,AAPL,100.0,1.1019180575908383,1,9.450412157725886,0.0,100.0
2016-09-07,AAPL,0.0,0.0,1,0.0,0.0,0.0
2016-09-08,AAPL,100.0,9.690302319398336,1,9.822911626354117,0.0,100.0
2016-09-26,AAPL,-100.0,-6.570580312811333,1,0.0,9.81269461292015,-100.0
2016-10-07,AAPL,100.0,8.242686406424305,1,9.869116865929483,0.0,100.0
2016-10-17,AAPL,-100.0,-5.028581001264476,1,0.0,9.547334348328224,-100.0
2016-10-19,AAPL,-100.0,-3.233251815845594,1,0.0,9.509564164251746,-100.0
2016-10-20,AAPL,100.0,6.926747225893099,1,10.02713842775492,0.0,100.0
2016-10-26,AAPL,0.0,0.0,1,0.0,0.0,0.0
2016-10-27,AAPL,100.0,3.0190272085583922,1,9.688790784847216,0.0,100.0
2016-10-28,AAPL,-100.0,-5.533873425847974,1,0.0,10.720405706795765,-100.0
2016-11-02,AAPL,0.0,0.0,1,0.0,0.0,0.0
2016-11-03,AAPL,100.0,3.4810779501987055,1,9.62155320674048,0.0,100.0
2016-11-04,AAPL,-100.0,-5.724066432703312,1,0.0,9.549660381553739,-100.0
2016-11-15,AAPL,100.0,4.396843454615753,1,9.583355393669907,0.0,100.0
2016-11-16,AAPL,100.0,1.5800770839232214,2,9.884748726451182,0.0,100.0
2016-12-12,AAPL,-100.0,-4.952231716919003,1,0.0,9.698847859222488,-100.0
2017-01-04,AAPL,0.0,0.0,1,0.0,0.0,0.0
2017-01-22,AAPL,-100.0,-1.916309842144096,1,0.0,9.47261414801827,-100.0
2017-01-25,AAPL,0.0,0.0,1,0.0,0.0,0.0
2017-01-31,AAPL,-100.0,-7.873198699483039,1,0.0,11.564627936960987,-100.0
2017-03-21,AAPL,100.0,5.777843825965945,1,8.416378479192929,0.0,100.0
2017-03-28,AAPL,0.0,0.0,1,0.0,0.0,0.0
2017-04-23,AAPL,100.0,6.103145707438726,1,11.707549793667228,0.0,100.0
2017-05-30,AAPL,100.0,11.676644726847409,1,12.187292273089875,0.0,100.0
2017-06-14,AAPL,100.0,12.421001795630922,1,12.444646624216935,0.0,100.0
2017-06-18,AAPL,100.0,9.040905730527347,1,10.663960521971394,0.0,100.0
2017-06-22,AAPL,100.0,11.709132927149637,1,11.730247372419994,0.0,100.0
2017-07-29,AAPL,0.0,0.0,1,0.0,0.0,0.0
2017-07-30,AAPL,-100.0,-9.460087262317288,1,0.0,11.641751491899196,-100.0
2017-07-31,AAPL,-100.0,-5.662704031576482,1,0.0,8.583756300707112,-100.0
2017-08-10,AAPL,100.0,8.306579449625538,1,9.428580533059634,0.0,100.0
2017-08-14,AAPL,0.0,0.0,1,0.0,0.0,0.0
2017-08-31,AAPL,0.0,0.0,1,0.0,0.0,0.0
2017-09-11,AAPL,-100.0,-6.856082711023171,1,0.0,11.988254434382185,-100.0
2017-09-23,AAPL,-100.0,-2.2690320711904177,1,0.0,9.411165786770708,-100.0
2017-09-25,AAPL,0.0,0.0,1,0.0,0.0,0.0
2017-10-06,AAPL,0.0,0.0,1,0.0,0.0,0.0
2017-10-15,AAPL,-69.83318232701696,-0.641484035147536,2,1.6931471805599454,9.532081803909987,-69.83318232701696
2017-10-18,AAPL,8.67805392945141,1.5707389077412675,2,12.287529378602725,10.325185763645223,8.67805392945141
2017-10-22,AAPL,100.0,2.6585128650516445,1,9.731013415269564,0.0,100.0
2017-10-23,AAPL,100.0,11.048373196454932,1,11.055006200175038,0.0,100.0
2017-10-28,AAPL,-100.0,-8.97260214430357,1,0.0,10.767553275295295,-100.0
2017-11-01,AAPL,0.0,0.0,1,0.0,0.0,0.0
2017-11-03,AAPL,-100.0,-1.681176254244961,3,0.0,10.211639527707803,-100.0
2017-11-06,AAPL,100.0,8.114825805512341,2,23.517166265989694,0.0,100.0
2017-11-08,AAPL,-100.0,-8.690243100971326,1,0.0,9.700014623251842,-100.0
2017-11-19,AAPL,100.0,3.1786808573295966,1,9.989569004807029,0.0,100.0
2017-11-20,AAPL,100.0,4.64864047555817,1,9.832149906002899,0.0,100.0
2017-11-28,AAPL,-100.0,-2.184902192878318,1,0.0,10.008713664124222,-100.0
2017-11-30,AAPL,0.0,0.0,1,0.0,0.0,0.0
2017-12-05,AAPL,100.0,6.292642348643921,1,9.988321188323683,0.0,100.0
2017-12-06,AAPL,100.0,2.5044127493590653,1,10.094368195723762,0.0,100.0
2017-12-08,AAPL,0.0,0.0,1,0.0,0.0,0.0
2017-12-18,AAPL,-100.0,-6.525112580341425,1,0.0,9.584477938221834,-100.0
2017-12-20,AAPL,100.0,1.9240474679170425,2,13.000320729169207,0.0,100.0
2017-12-22,AAPL,0.0,0.0,1,0.0,0.0,0.0
2017-12-28,AAPL,-100.0,-3.8418464956574803,2,0.0,12.546853349632528,-100.0
2018-01-02,AAPL,100.0,2.4685399609891205,2,18.741305013710132,0.0,100.0
2018-01-04,AAPL,100.0,3.2151695576866235,1,9.45638105201948,0.0,100.0
2018-01-05,AAPL,-100.0,-2.812155220886853,1,0.0,10.293393927111468,-100.0
2018-01-06,AAPL,100.0,9.297021037231533,1,10.313979406735669,0.0,100.0
2018-01-09,AAPL,-100.0,-0.843001239160274,1,0.0,10.498147436616115,-100.0
2018-01-15,AAPL,0.0,0.0,1,0.0,0.0,0.0
2018-01-17,AAPL,100.0,5.389339979089339,1,9.668711839055147,0.0,100.0
2018-01-18,AAPL,100.0,6.33130605144901,1,11.674914348974756,0.0,100.0
2018-01-24,AAPL,100.0,8.695353155106941,1,9.053887083618223,0.0,100.0
2018-01-30,AAPL,-100.0,-3.2611348526863115,1,0.0,10.248695325852646,-100.0
2018-01-31,AAPL,100.0,3.338460636535629,1,9.784468454090355,0.0,100.0
2018-02-03,AAPL,100.0,7.722422398809878,1,10.04085606398372,0.0,100.0
2018-02-08,AAPL,100.0,9.791560556939332,1,9.836809882398365,0.0,100.0
2018-02-13,AAPL,0.0,0.0,1,0.0,0.0,0.0
2018-02-15,AAPL,100.0,4.0236312997352535,1,10.011523512653032,0.0,100.0
2018-02-22,AAPL,-100.0,-1.5030521367730698,1,0.0,11.742594818539608,-100.0
2018-02-28,AAPL,-100.0,-4.352773865253616,1,0.0,9.512180649592693,-100.0
2018-03-08,AAPL,0.0,0.0,1,0.0,0.0,0.0
2018-03-21,AAPL,-100.0,-3.0175614541811058,1,0.0,9.483222671845084,-100.0
2018-03-22,AAPL,100.0,9.86611181907652,1,12.165365991463034,0.0,100.0
2018-03-25,AAPL,100.0,4.532155640307198,1,10.290998274993637,0.0,100.0
2018-03-26,AAPL,-100.0,-6.478656339311034,1,0.0,8.553810852008231,-100.0
2018-03-27,AAPL,100.0,7.896338462744753,1,9.495356496807062,0.0,100.0
2018-03-29,AAPL,100.0,8.700115220170288,1,9.93958096672031,0.0,100.0
2018-04-03,AAPL,0.0,0.0,1,0.0,0.0,0.0
2018-04-09,AAPL,100.0,2.9240990995686373,1,10.703144581144354,0.0,100.0
2018-04-10,AAPL,100.0,4.234035372332093,1,10.648982324778904,0.0,100.0
2018-04-12,AAPL,-100.0,-7.74406561412248,1,0.0,9.774158291205957,-100.0
2018-04-30,AAPL,-100.0,-5.000850643466313,1,0.0,9.794067065151415,-100.0
2018-05-04,AAPL,0.0,0.0,1,0.0,0.0,0.0
2018-05-07,AAPL,100.0,7.215201006836763,1,9.431635303054591,0.0,100.0
2018-05-11,AAPL,100.0,5.840561258329279,1,9.760296220470051,0.0,100.0
2018-05-12,AAPL,-100.0,-6.2912598807363675,1,0.0,9.877939834725023,-100.0
2018-05-13,AAPL,100.0,7.216292596384119,1,9.439231649946526,0.0,100.0
2018-05-26,AAPL,-100.0,-4.465943782367474,1,0.0,9.608312784783722,-100.0
2018-05-31,AAPL,-100.0,-0.9883183928700232,1,0.0,9.623353387244627,-100.0
2018-06-04,AAPL,0.0,0.0,1,0.0,0.0,0.0
2018-06-07,AAPL,0.0,0.0,1,0.0,0.0,0.0
2018-06-08,AAPL,100.0,9.27607145559595,1,9.6164953924901,0.0,100.0
2018-06-09,AAPL,-100.0,-1.797735206557898,1,0.0,10.105313134108476,-100.0
2018-06-18,AAPL,100.0,6.488872104882958,1,10.595806833577658,0.0,100.0
2018-06-19,AAPL,0.0,0.0,1,0.0,0.0,0.0
2018-06-29,AAPL,0.0,0.0,1,0.0,0.0,0.0
2018-07-01,AAPL,100.0,9.204107750947625,1,10.05473863988161,0.0,100.0
2018-07-06,AAPL,0.0,0.0,1,0.0,0.0,0.0
2018-07-12,AAPL,0.0,0.0,1,0.0,0.0,0.0
2018-07-15,AAPL,100.0,8.372253113793859,1,9.74878098951311,0.0,100.0
2018-07-17,AAPL,100.0,2.9716020502686167,1,10.039196115772354,0.0,100.0
2018-07-26,AAPL,0.0,0.0,1,0.0,0.0,0.0
2018-08-02,AAPL,0.0,0.0,2,0.0,0.0,0.0
2018-08-03,AAPL,100.0,5.100401178283536,1,10.326789184619429,0.0,100.0
2018-08-06,AAPL,100.0,4.988718943309975,2,9.99342737041261,0.0,100.0
2018-08-07,AAPL,100.0,10.698313572312676,1,10.702594610156739,0.0,100.0
2018-08-09,AAPL,0.0,0.0,1,0.0,0.0,0.0
2018-08-20,AAPL,100.0,5.16008818165672,1,9.515191188745565,0.0,100.0
2018-08-21,AAPL,0.0,0.0,1,0.0,0.0,0.0
2018-08-25,AAPL,-100.0,-3.035091404237946,1,0.0,10.253687176479549,-100.0
2018-08-28,AAPL,-100.0,-4.708776563498703,1,0.0,8.447751280047907,-100.0
2018-09-05,AAPL,100.0,2.236039434912983,1,9.880863609867356,0.0,100.0
2018-09-08,AAPL,-100.0,-5.380470641319509,1,0.0,11.727268180731276,-100.0
2018-09-14,AAPL,100.0,4.123507674201215,1,9.782936356349264,0.0,100.0
2018-09-22,AAPL,100.0,4.372069753916303,1,9.867004635333567,0.0,100.0
2018-09-23,AAPL,100.0,6.449705965398672,2,20.328741481217712,0.0,100.0
2018-09-27,AAPL,100.0,9.085537698242138,1,9.566744970245486,0.0,100.0
2018-09-28,AAPL,0.0,0.0,1,0.0,0.0,0.0
2018-09-30,AAPL,0.0,0.0,1,0.0,0.0,0.0
2018-10-01,AAPL,-100.0,-2.1823832397402234,1,0.0,9.712430973476739,-100.0
2018-10-04,AAPL,0.0,0.0,1,0.0,0.0,0.0
2018-10-10,AAPL,100.0,8.88730732775741,1,9.365905077202456,0.0,100.0
2018-10-12,AAPL,-100.0,-2.775825849122074,1,0.0,9.770594329891145,-100.0
2018-10-13,AAPL,-100.0,-4.082062407466731,1,0.0,9.268988209506656,-100.0
2018-10-14,AAPL,-100.0,-5.010209859829261,1,0.0,9.812396905266864,-100.0
2018-10-16,AAPL,0.0,0.0,1,0.0,0.0,0.0
2018-10-17,AAPL,100.0,9.840654226580492,1,9.891098830616636,0.0,100.0
2018-10-18,AAPL,0.0,0.0,1,0.0,0.0,0.0
2018-10-19,AAPL,100.0,0.9250736672345897,2,9.39638057119949,0.0,100.0
2018-10-21,AAPL,0.0023273171697416346,0.5566879196781134,2,9.425077902508432,9.42463920980563,0.0023273171697416346
2018-10-24,AAPL,0.0,0.0,1,0.0,0.0,0.0
2018-10-25,AAPL,-100.0,-3.3075751657440957,1,0.0,9.774158291205957,-100.0
2018-10-29,AAPL,0.0,0.0,1,0.0,0.0,0.0
2018-10-30,AAPL,0.0,0.0,1,0.0,0.0,0.0
2018-10-31,AAPL,100.0,4.828815393950162,2,18.69840744851767,0.0,100.0
2018-11-01,AAPL,0.0,0.0,1,0.0,0.0,0.0
2018-11-02,AAPL,100.0,0.7454497766898365,1,9.656085190282855,0.0,100.0
2018-11-03,AAPL,0.0,0.0,1,0.0,0.0,0.0
2018-11-04,AAPL,100.0,9.122346970572407,1,9.80792062205398,0.0,100.0
2018-11-06,AAPL,0.0,0.0,1,0.0,0.0,0.0
2018-11-07,AAPL,0.0,0.0,1,0.0,0.0,0.0
2018-11-08,AAPL,100.0,0.7522990801274266,1,9.744806737401898,0.0,100.0
2018-11-09,AAPL,-100.0,-1.972082083774398,1,0.0,9.748304912379623,-100.0
2018-11-10,AAPL,100.0,3.3649329931233334,1,9.896861744480391,0.0,100.0
2018-11-12,AAPL,100.0,5.043034779221725,2,20.098346162064622,0.0,100.0
2018-11-15,AAPL,-100.0,-1.2373969559030442,1,0.0,9.667163717992533,-100.0
2018-11-17,AAPL,100.0,8.866881187423779,1,9.374015421739909,0.0,100.0
2018-11-19,AAPL,100.0,6.242843423784084,1,9.801920904041582,0.0,100.0
2018-11-23,AAPL,-100.0,-6.340507881782023,1,0.0,9.044947049617722,-100.0
2018-11-24,AAPL,-100.0,-4.230556630706472,1,0.0,10.526391218478407,-100.0
2018-11-29,AAPL,0.0,0.0,1,0.0,0.0,0.0
2018-12-01,AAPL,0.0,0.0,1,0.0,0.0,0.0
2018-12-05,AAPL,-100.0,-7.947668957600801,1,0.0,8.716460800176355,-100.0
2018-12-07,AAPL,100.0,5.2833747342444735,2,18.181668018019316,0.0,100.0
2018-12-08,AAPL,100.0,8.907058808242619,1,9.504918160540624,0.0,100.0
2018-12-09,AAPL,2.080753039522759,1.0126680917261939,2,9.881280595070423,9.478452363099807,2.080753039522759
2018-12-12,AAPL,0.0,0.0,1,0.0,0.0,0.0
2018-12-14,AAPL,100.0,8.525278198937317,1,9.661466680572662,0.0,100.0
2018-12-17,AAPL,0.0,0.0,1,0.0,0.0,0.0
2018-12-18,AAPL,-100.0,-4.718681860788745,2,0.0,22.451035355432087,-100.0
2018-12-19,AAPL,0.0,0.0,1,0.0,0.0,0.0
2018-12-20,AAPL,0.0,-0.18132114441988684,1,0.0,0.0,0.0
2018-12-21,AAPL,-100.0,-2.9204246714930853,1,0.0,9.866299565855018,-100.0
2018-12-22,AAPL,100.0,7.989705464099141,1,10.26558584620216,0.0,100.0
2018-12-23,AAPL,100.0,9.612001754181808,1,9.988570876215118,0.0,100.0
2018-12-26,AAPL,-100.0,-7.087135082974966,1,0.0,10.742966625701026,-100.0
2018-12-27,AAPL,-100.0,-4.0094090074802935,1,0.0,9.976135873302548,-100.0
2019-01-01,AAPL,-100.0,-2.2917061689122806,1,0.0,10.126850061477157,-100.0
2019-01-02,AAPL,0.0,0.0,1,0.0,0.0,0.0
2019-01-03,AAPL,-100.0,-4.9517766037269055,2,0.0,19.182595607117342,-100.0
2019-01-06,AAPL,100.0,6.248669559082011,1,9.471986598578159,0.0,100.0
2019-01-09,AAPL,100.0,4.50376821965396,1,9.81640849968169,0.0,100.0
2019-01-10,AAPL,100.0,3.0425596925835765,1,9.561784074744113,0.0,100.0
2019-01-11,AAPL,100.0,2.760562172812416,2,9.423321975806166,0.0,100.0
2019-01-13,AAPL,-100.0,-4.187026696887134,1,0.0,9.273591798199632,-100.0
2019-01-14,AAPL,0.0,0.0,1,0.0,0.0,0.0
2019-01-15,AAPL,0.0,0.0,1,0.0,0.0,0.0
2019-01-19,AAPL,-100.0,-2.759336843563122,2,0.0,9.41913925094085,-100.0
2019-01-24,AAPL,0.0,0.0,1,0.0,0.0,0.0
2019-01-25,AAPL,100.0,4.139740688922923,1,9.486115235845377,0.0,100.0
2019-01-27,AAPL,100.0,2.800907633861883,1,9.46252579007393,0.0,100.0
2019-01-28,AAPL,0.0,0.0,1,0.0,0.0,0.0
2019-01-29,AAPL,0.0,0.0,1,0.0,0.0,0.0
2019-01-30,AAPL,-100.0,-2.413814290520372,1,0.0,10.66643522103567,-100.0
2019-01-31,AAPL,2.3431087962443127,3.505812469827256,2,9.90815361332152,9.454466361507933,2.3431087962443127
2019-02-02,AAPL,100.0,7.210891153884821,1,9.528133131454572,0.0,100.0
2019-02-03,AAPL,100.0,1.7113213710040893,1,9.619569258033104,0.0,100.0
2019-02-04,AAPL,0.0,0.0,1,0.0,0.0,0.0
2019-02-06,AAPL,-100.0,-4.842210550762707,1,0.0,9.38776764397578,-100.0
2019-02-07,AAPL,0.0,0.0,1,0.0,0.0,0.0
2019-02-11,AAPL,0.0,0.0,1,0.0,0.0,0.0
2019-02-12,AAPL,100.0,6.689252306136402,1,9.551981016901902,0.0,100.0
2019-02-13,AAPL,0.0,0.0,1,0.0,0.0,0.0
2019-02-15,AAPL,0.0,0.0,1,0.0,0.0,0.0
2019-02-18,AAPL,100.0,4.362976951993657,2,8.9561263512135,0.0,100.0
2019-02-19,AAPL,100.0,2.241373586584219,1,8.20414929203594,0.0,100.0
2019-02-20,AAPL,-100.0,-4.748681663498453,2,0.0,19.45129327667859,-100.0
2019-02-21,AAPL,-100.0,-7.5451826416648275,1,0.0,9.073091199693154,-100.0
2019-02-22,AAPL,0.0,0.0,1,0.0,0.0,0.0
2019-02-23,AAPL,-100.0,-2.65315957621562,1,0.0,9.630343289348893,-100.0
2019-02-25,AAPL,100.0,0.8265327907593946,2,9.387084506069217,0.0,100.0
2019-03-03,AAPL,0.0,0.0,1,0.0,0.0,0.0
2019-03-04,AAPL,100.0,10.106554099211387,1,10.658673380311523,0.0,100.0
2019-03-05,AAPL,100.0,6.359545648542586,1,10.69010867127683,0.0,100.0
2019-03-06,AAPL,0.0,0.0,1,0.0,0.0,0.0
2019-03-07,AAPL,0.0,0.0,1,0.0,0.0,0.0
2019-03-08,AAPL,0.0,0.0,1,0.0,0.0,0.0
2019-03-10,AAPL,100.0,9.14825277214271,1,9.446770727119691,0.0,100.0
2019-03-13,AAPL,100.0,3.0734522910194317,1,10.38328476695754,0.0,100.0
2019-03-15,AAPL,100.0,4.565180759868198,1,9.602820277383675,0.0,100.0
2019-03-16,AAPL,100.0,5.507985596391031,1,11.15202590887028,0.0,100.0
2019-03-18,AAPL,0.0,0.0,1,0.0,0.0,0.0
2019-03-19,AAPL,-0.7894092654131932,0.8438000297156292,2,9.652073673610056,9.805674944038582,-0.7894092654131932
2019-03-20,AAPL,0.0,0.0,1,0.0,0.0,0.0
2019-03-22,AAPL,-100.0,-9.364934806143683,1,0.0,9.83608319099221,-100.0
2019-03-25,AAPL,100.0,3.960010085122497,1,10.371948887172596,0.0,100.0
2019-03-27,AAPL,0.0,0.0,1,0.0,0.0,0.0
2019-03-29,AAPL,-100.0,-3.195037506716481,2,0.0,11.464074297511592,-100.0
2019-03-31,AAPL,100.0,7.8387153054773755,1,9.366370301681654,0.0,100.0
2019-04-05,AAPL,0.0,0.0,1,0.0,0.0,0.0
2019-04-06,AAPL,100.0,4.863818585252785,2,9.910990494656719,0.0,100.0
2019-04-08,AAPL,0.0,0.0,1,0.0,0.0,0.0
2019-04-09,AAPL,100.0,1.2613605707227018,1,9.854379458771108,0.0,100.0
2019-04-11,AAPL,100.0,2.950995064726741,2,10.073374516903025,0.0,100.0
2019-04-12,AAPL,100.0,2.864824556347658,1,9.67846133901236,0.0,100.0
2019-04-15,AAPL,0.0,0.0,1,0.0,0.0,0.0
2019-04-21,AAPL,100.0,1.8085246418694736,1,9.414495793177895,0.0,100.0
2019-04-23,AAPL,100.0,3.790311462678603,1,9.430981494597171,0.0,100.0
2019-04-24,AAPL,100.0,1.9075571727449925,2,9.492695559815838,0.0,100.0
2019-04-28,AAPL,100.0,9.230081812286626,1,9.513586695822125,0.0,100.0
2019-04-29,AAPL,0.0,0.0,1,0.0,0.0,0.0
2019-05-02,AAPL,100.0,10.355245370103198,1,10.416703923250376,0.0,100.0
2019-05-10,AAPL,-100.0,-1.4644918782877632,2,0.0,9.481980435660493,-100.0
2019-05-18,AAPL,-100.0,-5.34235029299061,1,0.0,10.462887373659635,-100.0
2019-05-28,AAPL,0.0,0.0,1,0.0,0.0,0.0
2019-05-29,AAPL,-100.0,-8.759116326475645,1,0.0,9.733432966413652,-100.0
2019-05-31,AAPL,0.0,0.0,1,0.0,0.0,0.0
2019-06-03,AAPL,0.0,0.0,2,0.0,0.0,0.0
2019-06-04,AAPL,0.0,0.0,1,0.0,0.0,0.0
2019-06-06,AAPL,100.0,5.170954987081237,1,9.535229553902337,0.0,100.0
2019-06-08,AAPL,0.0,0.0,1,0.0,0.0,0.0
2019-06-16,AAPL,-100.0,-3.8057390932382686,1,0.0,9.967886572127473,-100.0
2019-06-18,AAPL,100.0,7.872324167543307,1,9.884887201837403,0.0,100.0
2019-06-19,AAPL,0.0,0.0,1,0.0,0.0,0.0
2019-06-24,AAPL,100.0,8.018246658341331,1,8.648739788956242,0.0,100.0
2019-06-26,AAPL,100.0,8.57733696556838,1,8.595387278853973,0.0,100.0
2019-06-27,AAPL,0.0,0.0,1,0.0,0.0,0.0
2019-07-03,AAPL,0.0,0.0,1,0.0,0.0,0.0
2019-07-08,AAPL,0.0,0.0,1,0.0,0.0,0.0
2019-07-09,AAPL,100.0,3.1635246443163734,1,9.941937914256359,0.0,100.0
2019-07-14,AAPL,0.0,0.0,1,0.0,0.0,0.0
2019-07-23,AAPL,0.0,0.0,1,0.0,0.0,0.0
2019-07-25,AAPL,0.0,0.0,1,0.0,0.0,0.0
2019-08-03,AAPL,-100.0,-1.2638770858558632,1,0.0,10.15978364835903,-100.0
2019-08-06,AAPL,100.0,0.7135281781471574,1,2.09861228866811,0.0,100.0
2019-08-07,AAPL,100.0,9.70811305404048,1,10.84341902607001,0.0,100.0
2019-08-08,AAPL,-100.0,-3.8719395423465817,1,0.0,9.634086942887738,-100.0
2019-08-15,AAPL,0.0,0.0,1,0.0,0.0,0.0
2019-08-23,AAPL,100.0,5.5276266273851915,1,9.026170194946426,0.0,100.0
2019-08-26,AAPL,100.0,5.662908659581379,1,9.447628728030327,0.0,100.0
2019-08-28,AAPL,100.0,5.243621990425463,1,9.669227347271736,0.0,100.0
2019-08-29,AAPL,0.0,0.0,2,0.0,0.0,0.0
2019-09-05,AAPL,0.0,0.0,1,0.0,0.0,0.0
2019-09-06,AAPL,0.0,0.0,1,0.0,0.0,0.0
2019-09-09,AAPL,100.0,2.485681003547787,1,12.287103329450257,0.0,100.0
2019-09-10,AAPL,0.0,0.0,2,0.0,0.0,0.0
2019-09-11,AAPL,100.0,9.223411429505912,1,9.678291111758565,0.0,100.0
2019-09-14,AAPL,0.0,0.0,1,0.0,0.0,0.0
2019-09-16,AAPL,100.0,3.1725510360419764,1,9.970304952991755,0.0,100.0
2019-09-20,AAPL,0.32622138563704856,2.96235596968849,2,9.837826364007704,9.773848885262895,0.32622138563704856
2019-09-21,AAPL,100.0,12.62049216940933,1,12.623016772763883,0.0,100.0
2019-09-23,AAPL,0.0,0.0,1,0.0,0.0,0.0
2019-09-24,AAPL,100.0,6.1786815595333815,1,9.701180027529253,0.0,100.0
2019-09-25,AAPL,100.0,2.367342852313668,2,9.932212512329214,0.0,100.0
2019-09-30,AAPL,0.0,0.0,1,0.0,0.0,0.0
2019-10-02,AAPL,-100.0,-1.963187261506407,1,0.0,9.704336438489406,-100.0
2019-10-03,AAPL,0.0,0.0,1,0.0,0.0,0.0
2019-10-04,AAPL,-100.0,-2.421311694103122,1,0.0,9.685246776412487,-100.0
2019-10-07,AAPL,100.0,1.2626168877959274,3,9.424858580213442,0.0,100.0
2019-10-09,AAPL,0.0,0.0,1,0.0,0.0,0.0
2019-10-10,AAPL,-100.0,-1.9213809246465468,4,0.0,33.96166017934683,-100.0
2019-10-12,AAPL,0.0,0.0,1,0.0,0.0,0.0
2019-10-18,AAPL,0.0,0.0,1,0.0,0.0,0.0
2019-10-21,AAPL,0.0,0.0,1,0.0,0.0,0.0
2019-10-23,AAPL,100.0,3.807043949179437,1,9.505727713306959,0.0,100.0
2019-10-24,AAPL,0.0,0.0,1,0.0,0.0,0.0
2019-10-28,AAPL,0.0,0.0,1,0.0,0.0,0.0
2019-10-29,AAPL,100.0,4.53440410322223,2,18.118343120335247,0.0,100.0
2019-10-30,AAPL,100.0,9.696166615145641,1,9.722417141427496,0.0,100.0
2019-11-02,AAPL,100.0,9.003612515205576,1,9.744169388750624,0.0,100.0
2019-11-04,AAPL,-100.0,-5.939775791549435,2,0.0,22.661565431744975,-100.0
2019-11-05,AAPL,-100.0,-8.459276722915488,1,0.0,9.46863300080086,-100.0
2019-11-08,AAPL,-100.0,-7.6713230087951905,1,0.0,9.501267040865978,-100.0
2019-11-11,AAPL,100.0,9.16547462125084,1,9.891511570527564,0.0,100.0
2019-11-15,AAPL,-100.0,-6.466155925740565,1,0.0,9.748463629942055,-100.0
2019-11-18,AAPL,0.0,0.0,1,0.0,0.0,0.0
2019-11-20,AAPL,-100.0,-5.851339288465438,1,0.0,9.695674048824253,-100.0
2019-11-21,AAPL,0.0,0.0,1,0.0,0.0,0.0
2019-11-28,AAPL,0.0,0.0,1,0.0,0.0,0.0
2019-11-29,AAPL,100.0,8.869795437871355,1,9.6347984334905,0.0,100.0
2019-12-12,AAPL,0.0,0.0,1,0.0,0.0,0.0
2019-12-14,AAPL,0.0,0.0,1,0.0,0.0,0.0
2019-12-20,AAPL,100.0,4.189252871798134,1,9.512381634419015,0.0,100.0
2019-12-24,AAPL,0.0,0.0,1,0.0,0.0,0.0
2019-12-26,AAPL,0.0,0.0,1,0.0,0.0,0.0
2019-12-28,AAPL,0.0,0.0,1,0.0,0.0,0.0
2020-01-03,AAPL,100.0,7.575533804127821,1,8.68753876620163,0.0,100.0
2020-01-14,AAPL,100.0,1.398129866180144,1,2.386294361119891,0.0,100.0
2020-01-16,AAPL,-100.0,-3.3850363246019883,1,0.0,9.410720946905721,-100.0
2020-01-21,AAPL,-100.0,-6.417628418093518,1,0.0,10.076351731972865,-100.0
2020-01-23,AAPL,0.0,0.0,1,0.0,0.0,0.0
2020-01-31,AAPL,100.0,3.8633381709786465,1,9.612685172875459,0.0,100.0
2020-02-01,AAPL,-100.0,-1.4648553338635608,1,0.0,8.280697195384741,-100.0
2020-02-05,AAPL,0.0,0.0,1,0.0,0.0,0.0
2020-02-07,AAPL,100.0,0.3221310828400911,2,8.345364840416869,0.0,100.0
2020-02-10,AAPL,0.0,0.0,1,0.0,0.0,0.0
2020-02-14,AAPL,-100.0,-1.1946710078839076,1,0.0,11.63262909331945,-100.0
2020-02-17,AAPL,-100.0,-1.3279528364613873,2,0.0,8.346655163176539,-100.0
2020-02-18,AAPL,100.0,6.900108370204756,1,8.87245515006398,0.0,100.0
2020-02-19,AAPL,-100.0,-3.1439543140221087,1,0.0,11.507885483243443,-100.0
2020-02-20,AAPL,0.0,0.0,1,0.0,0.0,0.0
2020-02-25,AAPL,100.0,4.864745793139452,1,9.849657406639912,0.0,100.0
2020-02-29,AAPL,100.0,8.722738884606708,1,9.362175469149628,0.0,100.0
2020-03-02,AAPL,11.841411708531577,0.031185546003692277,2,11.906506287920108,9.385260520155413,11.841411708531577
2020-03-09,AAPL,-100.0,-2.7084554466541864,1,0.0,9.913819350857198,-100.0
2020-03-11,AAPL,0.0,0.0,1,0.0,0.0,0.0
2020-03-14,AAPL,-100.0,-2.07722462488362,2,0.0,8.31388683163346,-100.0
2020-03-18,AAPL,100.0,4.230908069918547,1,10.527265662897605,0.0,100.0
2020-03-22,AAPL,100.0,3.4402820296399486,1,9.0106915391303,0.0,100.0
2020-03-23,AAPL,-100.0,-4.4780697346167,1,0.0,9.393894975071744,-100.0
2020-03-27,AAPL,-100.0,-3.0458623006385306,1,0.0,10.290075339995036,-100.0
2020-03-28,AAPL,-100.0,-2.8103833962520235,1,0.0,9.494538500851432,-100.0
2020-03-31,AAPL,0.0,0.0,1,0.0,0.0,0.0
2020-04-02,AAPL,0.0,0.0,1,0.0,0.0,0.0
2020-04-03,AAPL,-100.0,-3.2043773313339146,1,0.0,9.42463920980563,-100.0
2020-04-10,AAPL,100.0,9.173054549229139,1,9.17948018535889,0.0,100.0
2020-04-13,AAPL,2.5565059500201035,0.26362386660389614,2,8.650168700845,8.21890970761906,2.5565059500201035
2020-04-14,AAPL,0.0,0.0,1,0.0,0.0,0.0
2020-04-15,AAPL,-10.391224900884605,0.9730153234077701,2,8.72090525193678,10.743494841225237,-10.391224900884605
2020-04-16,AAPL,0.0,0.0,1,0.0,0.0,0.0
2020-04-17,AAPL,100.0,5.611307779010692,1,10.066931788680826,0.0,100.0
2020-04-18,AAPL,0.0,0.0,1,0.0,0.0,0.0
2020-04-21,AAPL,100.0,5.976949242944577,1,9.564649132572534,0.0,100.0
2020-04-22,AAPL,100.0,5.118186291547266,1,10.766062876624456,0.0,100.0
2020-04-27,AAPL,0.866749026074967,1.830948212282784,2,9.344267356262645,9.183676582620658,0.866749026074967
2020-04-29,AAPL,-11.970814044684234,-0.5372247822689418,2,9.372629740224884,11.921739027384751,-11.970814044684234
2020-05-01,AAPL,32.49045776894645,2.9267586955543075,3,19.107344422638786,9.736007384569218,32.49045776894645
2020-05-02,AAPL,100.0,2.985189035178003,1,8.232733136177615,0.0,100.0
2020-05-04,AAPL,0.0,0.0,1,0.0,0.0,0.0
2020-05-05,AAPL,100.0,4.911383199129882,1,9.618846845142738,0.0,100.0
2020-05-08,AAPL,-100.0,-1.2709677163268385,1,0.0,9.929435283803425,-100.0
2020-05-11,AAPL,0.0,0.0,2,0.0,0.0,0.0
2020-05-14,AAPL,0.0,0.0,1,0.0,0.0,0.0
2020-05-19,AAPL,100.0,8.733454550858594,1,9.06054004653864,0.0,100.0
2020-05-21,AAPL,-100.0,-5.5755513007128155,1,0.0,10.919606934416011,-100.0
2020-05-27,AAPL,100.0,8.51401303989283,2,18.71857574566168,0.0,100.0
2020-06-02,AAPL,0.0,0.0,1,0.0,0.0,0.0
2020-06-07,AAPL,0.0,0.0,1,0.0,0.0,0.0
2020-06-08,AAPL,-100.0,-5.825517576689933,1,0.0,9.942853006809921,-100.0
2020-06-10,AAPL,100.0,5.627833105759578,2,19.24170795211908,0.0,100.0
2020-06-14,AAPL,0.0,0.0,1,0.0,0.0,0.0
2020-06-16,AAPL,0.0,0.0,2,0.0,0.0,0.0
2020-06-18,AAPL,0.0,0.0,1,0.0,0.0,0.0
2020-06-19,AAPL,100.0,6.8153069514248905,1,9.731981938347694,0.0,100.0
2020-06-21,AAPL,0.0,0.0,1,0.0,0.0,0.0
2020-06-22,AAPL,-100.0,-1.1494793064128925,3,0.0,11.650128105536073,-100.0
2020-06-23,AAPL,100.0,3.8652822737964923,2,10.105313134108476,0.0,100.0
2020-06-24,AAPL,-6.858722044406081,1.5667412191056513,2,9.098034756176071,10.437953917961844,-6.858722044406081
2020-06-25,AAPL,-100.0,-3.6215420132140697,1,0.0,10.026417533815254,-100.0
2020-06-26,AAPL,0.0,0.0,1,0.0,0.0,0.0
2020-06-28,AAPL,0.0,0.0,1,0.0,0.0,0.0
2020-06-29,AAPL,0.0,0.0,1,0.0,0.0,0.0
2020-06-30,AAPL,100.0,8.639968227392234,1,8.65728279297819,0.0,100.0
2020-07-01,AAPL,0.0,0.0,1,0.0,0.0,0.0
2020-07-02,AAPL,0.0,0.0,1,0.0,0.0,0.0
2020-07-04,AAPL,100.0,3.4232413304912668,1,9.477412321404392,0.0,100.0
2020-07-05,AAPL,100.0,6.683138678496963,1,6.942799375126701,0.0,100.0
2020-07-07,AAPL,100.0,6.235873483413741,1,7.293419278846481,0.0,100.0
2020-07-09,AAPL,-1.6609234735309915,0.04614926527010632,2,9.500657222776137,9.821584877430965,-1.6609234735309915
2020-07-10,AAPL,100.0,5.49706059541675,2,14.3513281661862,0.0,100.0
2020-07-11,AAPL,0.0,0.0,1,0.0,0.0,0.0
2020-07-12,AAPL,100.0,1.663694547072218,1,9.263332667439967,0.0,100.0
2020-07-13,AAPL,100.0,7.321915415258721,2,17.558819180448225,0.0,100.0
2020-07-14,AAPL,100.0,1.3148736415371276,2,8.97831096986772,0.0,100.0
2020-07-16,AAPL,-13.079295295528892,-1.2500531395702064,2,8.310550158534422,10.81159153783159,-13.079295295528892
2020-07-17,AAPL,100.0,2.813874996632083,1,9.506334448081361,0.0,100.0
2020-07-19,AAPL,-100.0,-1.6830448032231633,1,0.0,9.460622839927844,-100.0
2020-07-23,AAPL,-100.0,-2.9086608313983646,2,0.0,18.656985212639896,-100.0
2020-07-24,AAPL,100.0,1.5221683218070075,3,8.689828668736485,0.0,100.0
2020-07-25,AAPL,0.0,0.0,1,0.0,0.0,0.0
2020-07-28,AAPL,100.0,3.2776403030062022,1,9.640118538253535,0.0,100.0
2020-07-30,AAPL,100.0,4.763804661553456,1,9.044626279767337,0.0,100.0
2020-07-31,AAPL,-2.503336469070749,-0.13495126649675893,2,9.588955557643128,10.081369990679223,-2.503336469070749
2020-08-02,AAPL,-10.802673762147261,2.684675863163425,2,8.188412736496954,10.171807422259398,-10.802673762147261
2020-08-04,AAPL,-100.0,-0.21972397921522333,2,0.0,8.516433302915633,-100.0
2020-08-05,AAPL,-100.0,-3.1963005834653906,1,0.0,9.400884069015854,-100.0
2020-08-06,AAPL,0.0,0.0,1,0.0,0.0,0.0
2020-08-07,AAPL,-10.85349459663131,2.569150144740754,2,8.615791072035833,10.713718330607016,-10.85349459663131
2020-08-10,AAPL,26.464058153779284,1.4402150738215906,3,16.755148998450746,9.742733867330168,26.464058153779284
2020-08-11,AAPL,-100.0,-4.496898060578006,1,0.0,10.21094019204815,-100.0
2020-08-12,AAPL,100.0,3.523259856738613,1,9.754318540250866,0.0,100.0
2020-08-15,AAPL,100.0,3.9455124341843746,1,9.817149624743406,0.0,100.0
2020-08-17,AAPL,-13.554877030419938,1.7453639479694218,2,8.865955413933502,11.646376824990888,-13.554877030419938
2020-08-19,AAPL,100.0,4.197746054676563,4,26.810693501183284,0.0,100.0
2020-08-20,AAPL,-100.0,-4.5182976261766346,1,0.0,9.137103389639302,-100.0
2020-08-21,AAPL,100.0,4.129091595850934,2,8.822845290279773,0.0,100.0
2020-08-22,AAPL,100.0,1.5909762823099391,1,11.646971319984914,0.0,100.0
2020-08-23,AAPL,100.0,7.888729702711538,1,8.888709524182016,0.0,100.0
2020-08-25,AAPL,100.0,6.089949836258577,1,8.582229194276461,0.0,100.0
2020-08-26,AAPL,-100.0,-1.1105922237879249,1,0.0,10.813945703874634,-100.0
2020-08-27,AAPL,100.0,5.166351747275258,3,20.424553594774775,0.0,100.0
2020-08-28,AAPL,22.11082498862882,3.5725614909517462,4,17.731657575332775,11.310251816375912,22.11082498862882
2020-08-31,AAPL,100.0,2.0000809862015267,2,9.08301991917133,0.0,100.0
2020-09-05,AAPL,100.0,8.057558749746319,1,8.799343398215921,0.0,100.0
2020-09-08,AAPL,100.0,3.911478024451816,1,9.732465848349879,0.0,100.0
2020-09-09,AAPL,-100.0,-7.508728186599734,2,0.0,20.396131163882355,-100.0
2020-09-10,AAPL,-33.012113595728245,-1.5249662648301683,3,9.40200678160712,18.6687602966853,-33.012113595728245
2020-09-13,AAPL,2.324741605198305,2.28592947985235,3,8.894690850425624,8.490529402060712,2.324741605198305
2020-09-14,AAPL,100.0,1.528758126708362,3,8.531016332077915,0.0,100.0
2020-09-16,AAPL,100.0,8.066394007088228,2,18.728889389486596,0.0,100.0
2020-09-17,AAPL,100.0,1.419150103828117,1,8.611347717403621,0.0,100.0
2020-09-21,AAPL,100.0,2.019786156955429,2,8.497207223203318,0.0,100.0
2020-09-23,AAPL,100.0,7.146312406785211,1,7.150602768446279,0.0,100.0
2020-09-24,AAPL,100.0,4.247941537811655,2,9.019941687677365,0.0,100.0
2020-09-25,AAPL,0.0,0.0,1,0.0,0.0,0.0
2020-09-26,AAPL,-100.0,-6.566401859722107,1,0.0,8.225481472782295,-100.0
2020-09-27,AAPL,-100.0,-2.787934591621473,1,0.0,9.418697944667139,-100.0
2020-09-30,AAPL,0.0,0.0,1,0.0,0.0,0.0
2020-10-01,AAPL,0.0,0.0,2,0.0,0.0,0.0
2020-10-02,AAPL,-100.0,-6.013222232338172,1,0.0,9.441391477999955,-100.0
2020-10-04,AAPL,100.0,2.6966644527522674,2,9.430545384690566,0.0,100.0
2020-10-05,AAPL,-100.0,-1.4601740872912392,1,0.0,9.537387898701757,-100.0
2020-10-06,AAPL,0.0,0.0,1,0.0,0.0,0.0
2020-10-07,AAPL,-100.0,-6.9893203654960425,1,0.0,10.343821763350663,-100.0
2020-10-08,AAPL,0.0,0.0,1,0.0,0.0,0.0
2020-10-09,AAPL,0.0,0.0,1,0.0,0.0,0.0
2020-10-10,AAPL,-100.0,-1.9827783007924944,2,0.0,10.386476169683052,-100.0
2020-10-11,AAPL,-100.0,-5.242718358521683,1,0.0,9.953898535260459,-100.0
2020-10-13,AAPL,-100.0,-2.4308185477952877,2,0.0,9.066835314417336,-100.0
2020-10-14,AAPL,100.0,4.973118444089504,3,28.78089471089196,0.0,100.0
2020-10-15,AAPL,-6.222503647996146,1.3692482350478234,4,8.895808377083183,10.076351731972865,-6.222503647996146
2020-10-16,AAPL,0.0,0.0,1,0.0,0.0,0.0
2020-10-19,AAPL,100.0,4.475138702431243,2,19.645684475195516,0.0,100.0
2020-10-20,AAPL,0.0,0.0,1,0.0,0.0,0.0
2020-10-22,AAPL,100.0,4.168073772012542,2,8.507141079727608,0.0,100.0
2020-10-23,AAPL,-100.0,-3.058476503435512,2,0.0,10.205126804923296,-100.0
2020-10-24,AAPL,100.0,6.425983563966234,1,10.283219017388756,0.0,100.0
2020-10-25,AAPL,0.0,0.0,1,0.0,0.0,0.0
2020-10-27,AAPL,31.317722499746516,2.412026258842998,3,18.800065800576103,9.832879460277615,31.317722499746516
2020-10-28,AAPL,-100.0,-2.6127493185571558,1,0.0,9.563504094279487,-100.0
2020-10-29,AAPL,100.0,6.868941520999163,2,18.265254516346495,0.0,100.0
2020-10-30,AAPL,0.6803131111198896,0.010431725750213042,3,8.6586995582683,8.54168309988211,0.6803131111198896
2020-11-02,AAPL,0.0,0.0,1,0.0,0.0,0.0
2020-11-03,AAPL,0.0,0.0,1,0.0,0.0,0.0
2020-11-04,AAPL,100.0,8.955548977022554,1,9.092851027538384,0.0,100.0
2020-11-05,AAPL,0.0,0.0,1,0.0,0.0,0.0
2020-11-06,AAPL,0.0,0.0,1,0.0,0.0,0.0
2020-11-08,AAPL,100.0,1.707096291161927,1,9.595819511871428,0.0,100.0
2020-11-10,AAPL,0.0,0.0,1,0.0,0.0,0.0
2020-11-12,AAPL,0.0,0.0,1,0.0,0.0,0.0
2020-11-13,AAPL,-100.0,-4.503173298503067,1,0.0,9.446556111816797,-100.0
2020-11-15,AAPL,100.0,12.641764036165776,1,12.645557703476818,0.0,100.0
2020-11-18,AAPL,4.180058046042193,0.9824756005089308,2,11.685492321454875,10.747768977536708,4.180058046042193
2020-11-19,AAPL,-15.310641813456211,1.601740878378616,4,8.673688129267731,11.809849153332399,-15.310641813456211
2020-11-20,AAPL,0.0,0.0,1,0.0,0.0,0.0
2020-11-21,AAPL,100.0,3.9593361597247143,1,9.429235912657095,0.0,100.0
2020-11-22,AAPL,100.0,5.983403848054338,1,9.394573477868327,0.0,100.0
2020-11-24,AAPL,5.245873570485044,3.2873158025458737,2,9.847647355711887,8.865955413933502,5.245873570485044
2020-11-25,AAPL,0.0,0.0,1,0.0,0.0,0.0
2020-11-26,AAPL,100.0,4.323946423123853,2,9.705828110266784,0.0,100.0
2020-11-27,AAPL,100.0,7.343526631997702,1,9.360773272144936,0.0,100.0
2020-11-29,AAPL,-5.899344584871587,0.00683664630561065,2,8.692569648067906,9.782476268924539,-5.899344584871587
2020-12-01,AAPL,-9.449112231230274,-0.3222337035309624,3,9.716699572964293,11.7446020495594,-9.449112231230274
2020-12-02,AAPL,100.0,6.165205669087439,2,19.052747029798088,0.0,100.0
2020-12-03,AAPL,100.0,3.9859541894546004,1,9.456593569287309,0.0,100.0
2020-12-04,AAPL,100.0,2.7995911440401944,2,8.999007213243955,0.0,100.0
2020-12-05,AAPL,0.0,0.0,1,0.0,0.0,0.0
2020-12-06,AAPL,-10.329511648368667,0.2943949773956729,2,8.318539548567902,10.235032984566555,-10.329511648368667
2020-12-07,AAPL,-100.0,-2.189684696548429,2,0.0,10.896664327188002,-100.0
2020-12-08,AAPL,0.0,0.0,1,0.0,0.0,0.0
2020-12-09,AAPL,100.0,3.453765129916108,2,8.500529485395294,0.0,100.0
2020-12-10,AAPL,100.0,2.2644730165024303,1,10.006509131694346,0.0,100.0
2020-12-11,AAPL,0.0,0.0,2,0.0,0.0,0.0
2020-12-13,AAPL,100.0,4.728881733944314,2,9.501470230951002,0.0,100.0
2020-12-14,AAPL,100.0,8.498205121449379,1,10.219101877644755,0.0,100.0
2020-12-15,AAPL,100.0,3.8816890448640753,1,9.65834547117212,0.0,100.0
2020-12-16,AAPL,100.0,4.653652933193637,2,9.340933226000878,0.0,100.0
2020-12-18,AAPL,-35.63820018497511,-0.4355182164785168,3,9.187855443695623,19.362792518609407,-35.63820018497511
2020-12-20,AAPL,100.0,4.802021975308531,2,9.670772279344538,0.0,100.0
2020-12-22,AAPL,-100.0,-4.722956975877165,2,0.0,21.054304645994637,-100.0
2020-12-23,AAPL,-100.0,-2.853320051117931,2,0.0,9.520587424484253,-100.0
2020-12-25,AAPL,-100.0,-2.7703039264803566,1,0.0,9.359134886757962,-100.0
2020-12-27,AAPL,100.0,7.891763196772107,1,8.633369649679583,0.0,100.0
2020-12-29,AAPL,-100.0,-6.050968585186122,1,0.0,9.500657222776137,-100.0
2020-12-31,AAPL,100.0,4.1180010383413315,2,19.145795870514466,0.0,100.0
2021-01-01,AAPL,-52.689574046521116,-3.2972556702090103,3,7.535241271013659,24.31922259884533,-52.689574046521116
2021-01-02,AAPL,100.0,4.700924933060109,2,17.49528744881007,0.0,100.0
2021-01-03,AAPL,-4.216483948629748,2.6878529093032,2,9.274866820685254,10.091444217032327,-4.216483948629748
2021-01-05,AAPL,-100.0,-2.955358033253694,1,0.0,9.984317679911129,-100.0
2021-01-06,AAPL,100.0,3.2583744540155917,1,10.686698766859926,0.0,100.0
2021-01-07,AAPL,100.0,8.736712591318502,1,8.888709524182016,0.0,100.0
2021-01-08,AAPL,2.789750761452537,1.492991897257932,4,12.987155393818416,12.282203268132468,2.789750761452537
2021-01-09,AAPL,100.0,3.117195048431512,1,9.796338932845732,0.0,100.0
2021-01-10,AAPL,-100.0,-10.109833598902812,1,0.0,11.37854091041397,-100.0
2021-01-11,AAPL,-13.97622187940961,-0.9506754908369639,2,8.868254265520612,11.749892156946117,-13.97622187940961
2021-01-13,AAPL,-100.0,-0.5618611417565682,2,0.0,10.941794386690715,-100.0
2021-01-14,AAPL,100.0,6.775775136028919,2,19.47954142732481,0.0,100.0
2021-01-20,AAPL,-100.0,-4.97168471474422,1,0.0,10.836278802842678,-100.0
2021-01-21,AAPL,100.0,4.156084371511034,1,9.437067146936952,0.0,100.0
2021-01-23,AAPL,100.0,5.4448239480625436,1,9.520587424484253,0.0,100.0
2021-01-24,AAPL,100.0,9.242603006291708,3,27.84062807969665,0.0,100.0
2021-01-25,AAPL,100.0,3.9971825901120344,2,8.68386398025643,0.0,100.0
2021-01-26,AAPL,100.0,8.890293309569245,1,9.38091517312361,0.0,100.0
2021-01-29,AAPL,13.812129748066178,0.17354165814401784,5,15.177078809593137,11.493327663230145,13.812129748066178
2021-02-02,AAPL,100.0,8.96160386403915,3,27.11932999573451,0.0,100.0
2021-02-04,AAPL,100.0,5.6127268645814965,3,16.852130414790174,0.0,100.0
2021-02-05,AAPL,-100.0,-1.8964948778084143,4,0.0,21.353869402286385,-100.0
2021-02-06,AAPL,-1.0383241661583862,0.5585660263371235,2,9.46611040118692,9.664750755773852,-1.0383241661583862
2021-02-08,AAPL,62.12401265469152,1.9641462314287634,6,14.544318308700527,3.3978952727983707,62.12401265469152
2021-02-09,AAPL,100.0,5.7069438942328174,3,17.35643405586121,0.0,100.0
2021-02-10,AAPL,25.278937696419135,3.214996291600164,4,17.193958637452347,10.255122514748075,25.278937696419135
2021-02-11,AAPL,100.0,7.063245914835946,1,7.0844994130751715,0.0,100.0
2021-02-12,AAPL,-0.4963960472937938,2.933546430268695,2,9.55256033525353,9.647870515057853,-0.4963960472937938
2021-02-18,AAPL,100.0,6.03748868800929,2,12.583245495977057,0.0,100.0
2021-02-19,AAPL,34.72218813261417,3.428184506357768,4,20.190932591088988,9.783242963740905,34.72218813261417
2021-02-20,AAPL,57.480681333677694,2.8808883479717315,3,12.907202909334556,3.4849066497880004,57.480681333677694
2021-02-22,AAPL,100.0,1.7858432996690339,8,22.752553835169586,0.0,100.0
2021-02-23,AAPL,57.39045079337578,3.509480974345815,7,30.238082533011536,8.186208623900495,57.39045079337578
2021-02-25,AAPL,32.70383987804584,0.9704554567854677,8,26.085080406540424,13.228145842997618,32.70383987804584
2021-02-27,AAPL,82.97170492813828,2.676157452202835,8,33.089083007421195,3.0794415416798357,82.97170492813828
2021-02-28,AAPL,100.0,9.149767308703506,2,20.101682519624305,0.0,100.0
2021-03-02,AAPL,-100.0,-0.23984018055699896,3,0.0,4.044522437723423,-100.0
2021-03-03,AAPL,56.54394870427997,3.9022572666731463,7,34.0274902538413,9.445911989411274,56.54394870427997
2021-03-04,AAPL,60.62487449306116,2.2091995120508323,4,16.870123735436493,4.13549421592915,60.62487449306116
2021-03-05,AAPL,100.0,0.954502549309295,3,8.35610766069589,0.0,100.0
2021-03-06,AAPL,100.0,1.357334864359223,5,15.982963369522977,0.0,100.0
2021-03-08,AAPL,16.322900122549,1.2960049021898947,5,16.917336676743496,12.169518377455928,16.322900122549
2021-03-10,AAPL,100.0,0.9440417625298875,2,4.49650756146648,0.0,100.0
2021-03-11,AAPL,100.0,5.633140568123973,6,34.98856188144548,0.0,100.0
2021-03-12,AAPL,-16.36179146558243,2.3502983130420807,2,7.163314804034641,9.965973184210347,-16.36179146558243
2021-03-13,AAPL,100.0,2.626036910183038,7,30.625390202485825,0.0,100.0
2021-03-14,AAPL,-100.0,-1.026469971675526,1,0.0,8.019296653715045,-100.0
2021-03-16,AAPL,100.0,5.165079664826703,3,17.772884743127825,0.0,100.0
2021-03-17,AAPL,100.0,3.4501705956224686,3,14.62837848250099,0.0,100.0
2021-03-18,AAPL,100.0,1.8251095254257013,5,14.61985308524205,0.0,100.0
2021-03-19,AAPL,-100.0,-0.909940348837594,2,0.0,4.871201010907891,-100.0
2021-03-20,AAPL,0.0,0.0,1,0.0,0.0,0.0
2021-03-21,AAPL,-41.9484491741083,-2.3574549179980124,2,4.044522437723423,9.889721799278137,-41.9484491741083
2021-03-24,AAPL,20.975880693118015,1.1493248968610792,3,14.400816722322686,9.4069317971587,20.975880693118015
2021-03-26,AAPL,100.0,5.484355872509288,3,17.332356313421094,0.0,100.0
2021-03-29,AAPL,100.0,2.093517337150585,2,9.507344855361422,0.0,100.0
2021-03-31,AAPL,100.0,3.2527148419174163,3,13.22091403435722,0.0,100.0
2021-04-02,AAPL,100.0,6.09214425891583,2,14.657679970643587,0.0,100.0
2021-04-04,AAPL,25.240292125509196,3.797556495579714,3,20.440775505043902,12.201715434787568,25.240292125509196
2021-04-05,AAPL,45.777097610263226,3.0334859450086387,3,12.396352850925126,4.610917912644224,45.777097610263226
2021-04-06,AAPL,100.0,9.687850135951367,1,10.338117741918008,0.0,100.0
2021-04-07,AAPL,100.0,9.53029333668943,1,9.536014945656826,0.0,100.0
2021-04-08,AAPL,0.0,0.0,1,0.0,0.0,0.0
2021-04-09,AAPL,4.350023413303941,1.2407656323720881,3,10.931419805192974,10.020026965252676,4.350023413303941
2021-04-14,AAPL,100.0,3.8982122985989967,2,8.180069874302795,0.0,100.0
2021-04-16,AAPL,0.0,0.0,1,0.0,0.0,0.0
2021-04-19,AAPL,100.0,5.128590148645134,2,17.75060283281663,0.0,100.0
2021-04-21,AAPL,-40.12895034052749,0.33658985721910606,2,4.178053830347945,9.7787879291047,-40.12895034052749
2021-04-22,AAPL,0.0,0.0,2,0.0,0.0,0.0
2021-04-23,AAPL,0.0,0.0,1,0.0,0.0,0.0
2021-04-24,AAPL,35.65021736734164,2.256540978859758,2,6.739792912179234,3.1972245773362196,35.65021736734164
2021-04-25,AAPL,0.0,0.0,1,0.0,0.0,0.0
2021-04-26,AAPL,100.0,2.2952704118647276,5,18.464060971053904,0.0,100.0
2021-04-27,AAPL,61.891582624658994,3.468106685960575,5,19.811669640422387,4.663561646129646,61.891582624658994
2021-04-28,AAPL,61.81520504595972,2.3340120928696217,4,17.52492963029909,4.13549421592915,61.81520504595972
2021-04-30,AAPL,100.0,1.9713177717211416,1,2.386294361119891,0.0,100.0
2021-05-03,AAPL,-100.0,-4.473183566723397,1,0.0,11.716038676593497,-100.0
2021-05-04,AAPL,-50.713864548069154,-1.6366584275629816,4,4.526360524616162,13.841322326195934,-50.713864548069154
2021-05-07,AAPL,0.0,0.0,2,0.0,0.0,0.0
2021-05-08,AAPL,-100.0,-10.059899452868365,1,0.0,10.674765972907856,-100.0
2021-05-11,AAPL,100.0,4.262364209494867,2,13.968075574856442,0.0,100.0
2021-05-12,AAPL,100.0,7.02135494861668,2,14.276181560675322,0.0,100.0
2021-05-13,AAPL,100.0,4.549283960719616,3,14.163478247897753,0.0,100.0
2021-05-14,AAPL,100.0,5.695686521917,2,11.787403073515327,0.0,100.0
2021-05-15,AAPL,100.0,6.978413675960362,1,7.92461239604856,0.0,100.0
2021-05-16,AAPL,0.0,0.0,1,0.0,0.0,0.0
2021-05-17,AAPL,0.0,0.0,1,0.0,0.0,0.0
2021-05-18,AAPL,100.0,5.7711091012247415,2,13.759871476709339,0.0,100.0
2021-05-19,AAPL,100.0,3.976259941618078,1,9.433594167539924,0.0,100.0
2021-05-20,AAPL,0.0,0.0,2,0.0,0.0,0.0
2021-05-21,AAPL,100.0,8.298467167266342,2,17.475328227637903,0.0,100.0
2021-05-22,AAPL,-100.0,-1.5871522776035096,2,0.0,13.3271379085331,-100.0
2021-05-23,AAPL,-100.0,-9.528952796281873,1,0.0,11.654785709738103,-100.0
2021-05-24,AAPL,-72.58527171469828,0.32655520506499974,3,3.833213344056216,24.131414312759745,-72.58527171469828
2021-05-25,AAPL,100.0,9.065012426756038,1,9.188133414510478,0.0,100.0
2021-05-27,AAPL,64.66563281809844,2.2774374754166717,4,16.613418853346676,3.5649493574615367,64.66563281809844
2021-05-28,AAPL,-67.63500884443327,-0.8176554825830117,3,3.70805020110221,19.205907558249333,-67.63500884443327
2021-05-29,AAPL,100.0,2.9052573325635813,1,3.70805020110221,0.0,100.0
2021-05-31,AAPL,-100.0,-4.166781611406213,2,0.0,20.38262977118596,-100.0
2021-06-01,AAPL,100.0,5.422806877516244,3,17.28287832617375,0.0,100.0
2021-06-02,AAPL,0.0,0.0,1,0.0,0.0,0.0
2021-06-03,AAPL,-100.0,-0.7353648809911573,2,0.0,4.091042453358316,-100.0
2021-06-05,AAPL,100.0,3.201653226683707,3,12.0524246653105,0.0,100.0
2021-06-08,AAPL,100.0,1.0807410798093973,6,7.541263545158426,0.0,100.0
2021-06-09,AAPL,100.0,3.4072113353642233,2,8.552237287560802,0.0,100.0
2021-06-14,AAPL,100.0,6.382299041955764,3,26.077326497755198,0.0,100.0
2021-06-15,AAPL,100.0,3.0172321773864508,1,3.4849066497880004,0.0,100.0
2021-06-16,AAPL,-100.0,-2.741017336648601,1,0.0,10.033006356693267,-100.0
2021-06-17,AAPL,100.0,4.904376517295243,2,9.844192126244968,0.0,100.0
2021-06-18,AAPL,0.0,0.0,1,0.0,0.0,0.0
2021-06-20,AAPL,-60.192926732964644,-1.6979653075522267,2,2.386294361119891,9.60300384782935,-60.192926732964644
2021-06-21,AAPL,100.0,0.6136598862673858,2,3.3978952727983707,0.0,100.0
2021-06-22,AAPL,100.0,5.980676675145592,3,21.080402296893716,0.0,100.0
2021-06-23,AAPL,100.0,2.293506683950547,3,17.536288469638407,0.0,100.0
2021-06-24,AAPL,100.0,2.6454526460782386,3,13.233608308850076,0.0,100.0
2021-06-25,AAPL,100.0,2.0662380372900784,1,4.433987204485146,0.0,100.0
2021-06-26,AAPL,100.0,8.353605423539076,1,9.290041618704489,0.0,100.0
2021-06-28,AAPL,100.0,5.648433837217732,2,14.956393795364637,0.0,100.0
2021-06-29,AAPL,0.0,0.0,1,0.0,0.0,0.0
2021-06-30,AAPL,100.0,0.672860580165357,3,4.58351893845611,0.0,100.0
2021-07-01,AAPL,-100.0,-1.2487872441609875,1,0.0,4.218875824868201,-100.0
2021-07-03,AAPL,100.0,2.340000250514165,1,2.386294361119891,0.0,100.0
2021-07-04,AAPL,100.0,4.3646830743363925,2,8.991930519852477,0.0,100.0
2021-07-05,AAPL,0.0,0.0,1,0.0,0.0,0.0
2021-07-06,AAPL,38.538451314443876,2.541381232519208,3,8.358193752733033,3.70805020110221,38.538451314443876
2021-07-08,AAPL,-44.24561003495303,0.1646781524471445,2,3.772588722239781,9.760296220470051,-44.24561003495303
2021-07-09,AAPL,21.22126212661855,0.10545873706967468,3,4.295836866004329,2.791759469228055,21.22126212661855
2021-07-10,AAPL,-9.05213292358675,-0.45686438424489967,3,7.558197802812269,9.062747901086354,-9.05213292358675
2021-07-12,AAPL,-100.0,-2.875949038847775,1,0.0,9.716044050161402,-100.0
2021-07-13,AAPL,100.0,1.7782560364948512,2,4.465735902799727,0.0,100.0
2021-07-14,AAPL,-100.0,-4.720313655348658,1,0.0,10.718241724224926,-100.0
2021-07-15,AAPL,-100.0,-5.0562128326141345,2,0.0,22.041032400235984,-100.0
2021-07-17,AAPL,100.0,3.687438756790942,2,14.536073991021073,0.0,100.0
2021-07-20,AAPL,0.0,0.0,1,0.0,0.0,0.0
2021-07-21,AAPL,100.0,2.401133486906568,2,13.691071650353702,0.0,100.0
2021-07-25,AAPL,100.0,6.281232622175538,1,8.55171221535131,0.0,100.0
2021-07-26,AAPL,-39.067603363222524,0.24488167943708436,3,3.1972245773362196,7.297109319933935,-39.067603363222524
2021-07-28,AAPL,100.0,8.817824590740566,1,8.872836175025725,0.0,100.0
2021-07-29,AAPL,100.0,0.6819286539076008,1,3.833213344056216,0.0,100.0
2021-08-03,AAPL,100.0,3.136047205059168,1,4.178053830347945,0.0,100.0
2021-08-05,AAPL,-100.0,-3.8072063933706644,2,0.0,14.867202704656503,-100.0
2021-08-06,AAPL,0.0,0.0,1,0.0,0.0,0.0
2021-08-07,AAPL,0.0,0.0,1,0.0,0.0,0.0
2021-08-09,AAPL,-100.0,-3.1652328275514954,3,0.0,21.91295735352082,-100.0
2021-08-10,AAPL,100.0,3.0954973573313214,3,9.548110294050959,0.0,100.0
2021-08-11,AAPL,100.0,2.195678071202095,1,9.70251025718999,0.0,100.0
2021-08-12,AAPL,100.0,0.846026433991768,4,9.953252164609035,0.0,100.0
2021-08-13,AAPL,0.0,0.0,1,0.0,0.0,0.0
2021-08-16,AAPL,100.0,2.252107051741877,2,7.442417710521793,0.0,100.0
2021-08-17,AAPL,100.0,4.910090072534233,1,9.616314282284044,0.0,100.0
2021-08-18,AAPL,0.0,0.0,2,0.0,0.0,0.0
2021-08-19,AAPL,-100.0,-7.025881805993665,2,0.0,19.487410675543295,-100.0
2021-08-20,AAPL,-27.684718349007216,0.7132189345761893,3,4.433987204485146,7.8289456176102075,-27.684718349007216
2021-08-22,AAPL,100.0,3.182197621822739,1,3.1972245773362196,0.0,100.0
2021-08-23,AAPL,100.0,1.1232735832388014,1,8.363913501405818,0.0,100.0
2021-08-25,AAPL,100.0,6.891697291796958,1,8.616775808698373,0.0,100.0
2021-08-27,AAPL,100.0,0.3391754890504885,1,3.302585092994046,0.0,100.0
2021-08-29,AAPL,0.0,0.0,1,0.0,0.0,0.0
2021-08-30,AAPL,38.39873719991896,0.5437826403989247,6,9.086774726912306,4.044522437723423,38.39873719991896
2021-08-31,AAPL,0.0,0.0,1,0.0,0.0,0.0
2021-09-01,AAPL,100.0,1.6958624844068768,1,9.532672762264625,0.0,100.0
2021-09-02,AAPL,0.0,0.0,1,0.0,0.0,0.0
2021-09-03,AAPL,100.0,3.4985942198736497,1,10.28998299962838,0.0,100.0
2021-09-04,AAPL,-100.0,-6.637002266637647,1,0.0,10.223355309053677,-100.0
2021-09-05,AAPL,0.0,0.0,1,0.0,0.0,0.0
2021-09-06,AAPL,-100.0,-5.731992387258742,1,0.0,9.15507488781144,-100.0
2021-09-11,AAPL,100.0,5.218891976147771,2,18.60107788012941,0.0,100.0
2021-09-13,AAPL,0.0,0.0,1,0.0,0.0,0.0
2021-09-15,AAPL,100.0,0.8765109789549168,2,4.970291913552122,0.0,100.0
2021-09-16,AAPL,-100.0,-1.7257078199856188,1,0.0,4.433987204485146,-100.0
2021-09-17,AAPL,9.805143464548516,0.35024618579117506,4,19.23215088121004,15.797448415145865,9.805143464548516
2021-09-20,AAPL,-100.0,-7.067306974372931,1,0.0,8.477038472319697,-100.0
2021-09-21,AAPL,100.0,7.795992994893174,1,9.516593011344206,0.0,100.0
2021-09-22,AAPL,-100.0,-5.970239637037641,1,0.0,10.439306936593182,-100.0
2021-09-27,AAPL,100.0,7.252950200676056,1,7.26530121273771,0.0,100.0
2021-09-29,AAPL,100.0,0.7344440764428211,2,3.4849066497880004,0.0,100.0
2021-10-01,AAPL,0.0,0.263354440271801,1,0.0,0.0,0.0
2021-10-02,AAPL,100.0,2.143739079103935,1,3.1972245773362196,0.0,100.0
2021-10-04,AAPL,100.0,0.9458408394432706,1,7.063785208687608,0.0,100.0
2021-10-05,AAPL,100.0,9.0682519832258,1,9.46779284112111,0.0,100.0
2021-10-07,AAPL,0.0,0.0,2,0.0,0.0,0.0
2021-10-08,AAPL,-54.00289086066893,-1.6870843329371668,2,3.0794415416798357,10.310276200588783,-54.00289086066893
2021-10-09,AAPL,-100.0,-4.688442336993043,1,0.0,9.492695559815838,-100.0
2021-10-11,AAPL,-100.0,-8.775510526677294,1,0.0,9.092851027538384,-100.0
2021-10-14,AAPL,-100.0,-10.134872680145214,1,0.0,10.166388484447,-100.0
2021-10-15,AAPL,40.31473380959886,1.0629880237121212,4,8.869019376499022,3.772588722239781,40.31473380959886
2021-10-18,AAPL,0.0,0.0,3,0.0,0.0,0.0
2021-10-19,AAPL,-1.2586917512022633,0.02256606848874887,4,9.650149418664864,9.896177422274805,-1.2586917512022633
2021-10-20,AAPL,100.0,2.4402167027228328,2,10.237955539009157,0.0,100.0
2021-10-21,AAPL,100.0,0.5868649629750068,1,3.833213344056216,0.0,100.0
2021-10-23,AAPL,-100.0,-1.178590784957114,1,0.0,2.386294361119891,-100.0
2021-10-24,AAPL,-15.193453376367346,1.7598951569021666,2,8.692113339595466,11.806571456923,-15.193453376367346
2021-10-25,AAPL,100.0,4.088745298532984,4,18.843660552862023,0.0,100.0
2021-10-26,AAPL,-100.0,-2.4412866054097555,1,0.0,9.765146421639022,-100.0
2021-10-27,AAPL,-100.0,-4.900215605058932,2,0.0,18.815799832598877,-100.0
2021-10-31,AAPL,100.0,5.747977538104282,2,16.2748601338022,0.0,100.0
2021-11-01,AAPL,-100.0,-1.7195384949833405,2,0.0,4.13549421592915,-100.0
2021-11-02,AAPL,100.0,6.337451638777639,2,18.227887553501866,0.0,100.0
2021-11-06,AAPL,0.0,0.0,1,0.0,0.0,0.0
2021-11-07,AAPL,100.0,3.3480627518422184,2,18.809813861026072,0.0,100.0
2021-11-09,AAPL,100.0,3.143904326956762,2,14.309982108920686,0.0,100.0
2021-11-10,AAPL,100.0,8.290481419406273,1,9.279697133877628,0.0,100.0
2021-11-11,AAPL,-1.2032183378031116,-0.6333621824204205,2,9.090708716083997,9.312135107648412,-1.2032183378031116
2021-11-13,AAPL,100.0,5.211683472477967,1,11.833977003810096,0.0,100.0
2021-11-14,AAPL,-100.0,-8.833009251012205,1,0.0,9.980801413573113,-100.0
2021-11-16,AAPL,-15.797538818380175,0.303488557560756,2,6.662960480135946,9.163086375583216,-15.797538818380175
2021-11-18,AAPL,-100.0,-1.4022856763679283,1,0.0,9.677609912822142,-100.0
2021-11-19,AAPL,0.0,0.0,1,0.0,0.0,0.0
2021-11-20,AAPL,-100.0,-9.325447754702475,1,0.0,9.733271845008325,-100.0
2021-11-21,AAPL,-100.0,-3.7941943705853807,1,0.0,9.829519094780778,-100.0
2021-11-22,AAPL,100.0,7.362785983345498,1,10.129021850798594,0.0,100.0
2021-11-29,AAPL,0.0,0.0,1,0.0,0.0,0.0
2021-11-30,AAPL,100.0,2.7278513458341735,1,4.178053830347945,0.0,100.0
2021-12-03,AAPL,-100.0,-0.8308547889329351,2,0.0,9.340694647925071,-100.0
2021-12-07,AAPL,100.0,1.022572789064169,4,8.761572768804056,0.0,100.0
2021-12-08,AAPL,100.0,1.9078094354505672,4,17.145605359047664,0.0,100.0
2021-12-09,AAPL,100.0,1.4714118862468817,3,8.436150368369427,0.0,100.0
2021-12-10,AAPL,100.0,5.011477134369622,2,12.84819079884696,0.0,100.0
2021-12-11,AAPL,-100.0,-1.4702821155455574,2,0.0,3.4849066497880004,-100.0
2021-12-13,AAPL,-42.34431267327351,-2.2944870987616484,3,3.5649493574615367,8.801391320291486,-42.34431267327351
2021-12-14,AAPL,100.0,0.8013204239812799,2,3.6390573296152584,0.0,100.0
2021-12-15,AAPL,100.0,1.8552752585232086,1,3.833213344056216,0.0,100.0
2021-12-19,AAPL,100.0,2.670004076700138,1,9.77307495131822,0.0,100.0
2021-12-20,AAPL,10.866598756377076,0.2183102247157751,2,4.526360524616162,3.6390573296152584,10.866598756377076
2021-12-23,AAPL,-100.0,-1.3101965629552272,1,0.0,10.235910648087712,-100.0
2021-12-24,AAPL,100.0,1.4168424813165854,2,3.9444389791664403,0.0,100.0
2021-12-26,AAPL,100.0,4.562362358408633,1,4.663561646129646,0.0,100.0
2021-12-27,AAPL,100.0,2.6783500813338366,4,14.475511823669628,0.0,100.0
2021-12-28,AAPL,100.0,1.8381085642915613,1,3.9444389791664403,0.0,100.0
2021-12-29,AAPL,100.0,6.273384383027455,2,13.42061278816166,0.0,100.0
2021-12-30,AAPL,100.0,7.197028349044334,2,19.354957434481413,0.0,100.0
2021-12-31,AAPL,100.0,4.463235543969621,2,9.078998258685154,0.0,100.0
2022-01-02,AAPL,100.0,8.964716786362889,1,8.987184748233473,0.0,100.0
2022-01-04,AAPL,100.0,1.1112131452753649,2,3.995732273553991,0.0,100.0
2022-01-05,AAPL,31.409722199572197,1.0598124782649774,2,7.748759547491679,4.044522437723423,31.409722199572197
2022-01-06,AAPL,-33.704362185735704,0.46732815843596454,2,5.007333185232471,10.09873819539488,-33.704362185735704
2022-01-08,AAPL,100.0,1.0405953058930146,1,10.132378830506472,0.0,100.0
2022-01-09,AAPL,0.0,0.0,1,0.0,0.0,0.0
2022-01-10,AAPL,-100.0,-1.7297525012215227,1,0.0,3.995732273553991,-100.0
2022-01-11,AAPL,100.0,2.8780200147953,3,18.41157990804283,0.0,100.0
2022-01-13,AAPL,-37.28903588130791,-1.174861853340301,2,3.995732273553991,8.747596838692886,-37.28903588130791
2022-01-15,AAPL,0.0,0.0,1,0.0,0.0,0.0
2022-01-18,AAPL,100.0,4.960828207456181,1,9.418697944667139,0.0,100.0
2022-01-19,AAPL,-100.0,-4.616670710520581,1,0.0,4.688879454113936,-100.0
2022-01-20,AAPL,100.0,7.106540976908962,1,8.74543561027438,0.0,100.0
2022-01-21,AAPL,100.0,3.8170611613026053,1,4.13549421592915,0.0,100.0
2022-01-24,AAPL,100.0,4.376683282681897,1,4.610917912644224,0.0,100.0
2022-01-25,AAPL,100.0,1.3590168524286312,4,11.555836815008442,0.0,100.0
2022-01-26,AAPL,-100.0,-2.958870763871148,2,0.0,9.66319648553608,-100.0
2022-01-28,AAPL,100.0,1.2973788296439601,1,2.9459101490553135,0.0,100.0
2022-01-30,AAPL,0.0,0.0,1,0.0,0.0,0.0
2022-01-31,AAPL,100.0,3.342001940765012,3,12.500170136485423,0.0,100.0
2022-02-02,AAPL,6.009017948164778,0.647696806171778,3,10.13938128303569,8.98989937494294,6.009017948164778
2022-02-03,AAPL,49.25280561727474,3.034663306112241,6,35.46191348140538,12.057345315430217,49.25280561727474
2022-02-04,AAPL,-100.0,-1.7263465386960093,2,0.0,11.664503639837902,-100.0
2022-02-05,AAPL,14.177725434526,1.5155179693732252,2,8.914252278742442,6.700443573390687,14.177725434526
2022-02-08,AAPL,29.74282787486745,3.324430819210286,2,7.284134161070802,3.9444389791664403,29.74282787486745
2022-02-09,AAPL,-100.0,-3.351710107577235,2,0.0,8.966586697638402,-100.0
2022-02-11,AAPL,100.0,2.701379695652609,2,6.962844630259907,0.0,100.0
2022-02-12,AAPL,100.0,2.3179437377661465,3,20.446909298331224,0.0,100.0
2022-02-16,AAPL,100.0,4.111045011235644,2,8.438971592395863,0.0,100.0
2022-02-17,AAPL,100.0,5.436112869578963,1,6.707110264748875,0.0,100.0
2022-02-18,AAPL,0.0,0.0,1,0.0,0.0,0.0
2022-02-19,AAPL,0.0,0.0,1,0.0,0.0,0.0
2022-02-20,AAPL,0.0,0.0,2,0.0,0.0,0.0
2022-02-22,AAPL,-100.0,-2.6277852479206825,1,0.0,3.9444389791664403,-100.0
2022-02-25,AAPL,-100.0,-0.9673909032338066,1,0.0,9.419580362549237,-100.0
2022-02-26,AAPL,-100.0,-3.3655510328552554,1,0.0,12.319000852325239,-100.0
2022-02-27,AAPL,-100.0,-6.6437963500188015,1,0.0,8.886832998955057,-100.0
2022-03-01,AAPL,-100.0,-4.881775971778564,2,0.0,18.09094888940637,-100.0
2022-03-02,AAPL,0.0,0.0,1,0.0,0.0,0.0
2022-03-03,AAPL,100.0,4.387983630306167,2,19.329998231339268,0.0,100.0
2022-03-06,AAPL,100.0,0.7527282766899808,1,9.750366278367625,0.0,100.0
2022-03-08,AAPL,-53.18850983158174,-1.0799548971196007,3,3.5649493574615367,11.666137474577225,-53.18850983158174
2022-03-09,AAPL,100.0,7.689247642964737,1,9.324821298768782,0.0,100.0
2022-03-12,AAPL,-100.0,-2.433998026162924,1,0.0,10.755625391793744,-100.0
2022-03-15,AAPL,100.0,7.822251259976354,1,9.457443187010464,0.0,100.0
2022-03-16,AAPL,-100.0,-5.160368788883236,1,0.0,9.797548488481558,-100.0
2022-03-17,AAPL,-100.0,-3.466215235902936,1,0.0,11.710186607780189,-100.0
2022-03-20,AAPL,0.0,0.0,1,0.0,0.0,0.0
2022-03-23,AAPL,100.0,1.4655681407001024,1,4.951243718581427,0.0,100.0
2022-03-25,AAPL,45.2610652571957,0.7216496181705863,2,10.172223049863055,3.833213344056216,45.2610652571957
2022-03-27,AAPL,100.0,2.440092867920892,1,4.688879454113936,0.0,100.0
2022-03-28,AAPL,-100.0,-0.9520764967220817,1,0.0,3.4849066497880004,-100.0
2022-03-31,AAPL,100.0,1.4350197584228035,1,3.0794415416798357,0.0,100.0
2022-04-05,AAPL,-100.0,-2.977169394359055,1,0.0,10.058004710672485,-100.0
2022-04-07,AAPL,0.0,0.0,1,0.0,0.0,0.0
2022-04-08,AAPL,0.0,0.0,1,0.0,0.0,0.0
2022-04-12,AAPL,100.0,7.3771406844825655,1,8.943072717277932,0.0,100.0
2022-04-13,AAPL,-100.0,-2.3659381527712333,3,0.0,21.046791988762678,-100.0
2022-04-14,AAPL,100.0,3.394410708537902,2,9.971829343530851,0.0,100.0
2022-04-16,AAPL,100.0,6.277558517574959,3,28.00691662915802,0.0,100.0
2022-04-18,AAPL,0.0,0.0,1,0.0,0.0,0.0
2022-04-19,AAPL,100.0,2.8319254770425566,1,9.567315800819449,0.0,100.0
2022-04-20,AAPL,100.0,2.953870971553928,2,9.446341450444287,0.0,100.0
2022-04-21,AAPL,100.0,8.451932622203792,1,10.08704215563169,0.0,100.0
2022-04-23,AAPL,100.0,6.297209903519231,1,9.775240458738327,0.0,100.0
2022-04-28,AAPL,100.0,4.431632350036573,2,9.720623711420426,0.0,100.0
2022-04-29,AAPL,100.0,4.264743476288862,2,8.868254265520612,0.0,100.0
2022-05-01,AAPL,100.0,8.041011162782127,1,8.740229524763182,0.0,100.0
2022-05-02,AAPL,0.0,0.0,1,0.0,0.0,0.0
2022-05-07,AAPL,-100.0,-3.370870750995802,1,0.0,10.593559871137028,-100.0
2022-05-10,AAPL,0.0,0.0,1,0.0,0.0,0.0
2022-05-11,AAPL,100.0,3.6096128894390227,1,3.772588722239781,0.0,100.0
2022-05-14,AAPL,100.0,6.809612337687245,1,6.817111159963204,0.0,100.0
2022-05-15,AAPL,100.0,7.844783173559247,1,7.959398512133975,0.0,100.0
2022-05-16,AAPL,0.0,0.0,1,0.0,0.0,0.0
2022-05-19,AAPL,100.0,5.071043953437234,1,9.535622326884605,0.0,100.0
2022-05-22,AAPL,100.0,4.9847429372198135,1,8.827240901752813,0.0,100.0
2022-05-23,AAPL,53.480033801422245,0.3802076934359636,2,10.15978364835903,3.0794415416798357,53.480033801422245
2022-05-26,AAPL,0.0,0.0,1,0.0,0.0,0.0
2022-06-03,AAPL,-100.0,-5.386525246287785,1,0.0,9.932740634865914,-100.0
2022-06-06,AAPL,0.0,0.0,2,0.0,0.0,0.0
2022-06-07,AAPL,100.0,2.5111868146445766,1,12.413182474763108,0.0,100.0
2022-06-17,AAPL,100.0,2.9175731250392585,3,20.689990112180507,0.0,100.0
2022-06-19,AAPL,100.0,8.366191022634,1,8.673223121121708,0.0,100.0
2022-06-20,AAPL,100.0,2.973875009361723,1,9.345930261979017,0.0,100.0
2022-06-24,AAPL,100.0,0.2263,1,1.0,0.0,100.0
2022-06-28,AAPL,-100.0,-8.405217369117365,1,0.0,8.52456122628536,-100.0
2022-07-06,AAPL,100.0,2.9788212229438313,1,9.361474616416817,0.0,100.0
2022-07-07,AAPL,100.0,0.8635755036805949,2,8.767263996757308,0.0,100.0
2022-07-08,AAPL,38.175177522567665,-0.5398286919698484,2,8.81561053203519,3.9444389791664403,38.175177522567665
2022-07-09,AAPL,-100.0,-2.467298206330361,1,0.0,3.1972245773362196,-100.0
2022-07-11,AAPL,100.0,2.5220269424515758,1,3.4849066497880004,0.0,100.0
2022-07-12,AAPL,100.0,6.224559994169125,2,18.969348921244816,0.0,100.0
2022-07-14,AAPL,-100.0,-1.2548505648483022,1,0.0,8.660114319173928,-100.0
2022-07-15,AAPL,0.0,0.0,1,0.0,0.0,0.0
2022-07-19,AAPL,-100.0,-8.330072803437686,1,0.0,9.740496729931813,-100.0
2022-07-22,AAPL,100.0,9.081112965387556,1,9.420241665339788,0.0,100.0
2022-07-27,AAPL,-100.0,-1.2664064174463259,1,0.0,2.386294361119891,-100.0
2022-08-01,AAPL,0.0,0.0,1,0.0,0.0,0.0
2022-08-07,AAPL,100.0,8.656659088095353,1,8.77779262633883,0.0,100.0
2022-08-08,AAPL,0.0,0.0,1,0.0,0.0,0.0
2022-08-09,AAPL,0.0,0.0,1,0.0,0.0,0.0
2022-08-10,AAPL,100.0,5.8362390067765375,1,9.530109416682784,0.0,100.0
2022-08-14,AAPL,-100.0,-6.275052958192502,1,0.0,9.51197962436335,-100.0
2022-08-15,AAPL,100.0,1.4267762250480358,1,3.3978952727983707,0.0,100.0
2022-08-16,AAPL,0.0,0.0,1,0.0,0.0,0.0
2022-08-17,AAPL,0.0,0.0,1,0.0,0.0,0.0
2022-08-22,AAPL,0.0,0.0,2,0.0,0.0,0.0
2022-09-04,AAPL,-100.0,-9.21987649298694,1,0.0,9.434028950155469,-100.0
2022-09-05,AAPL,0.0,0.0,1,0.0,0.0,0.0
2022-09-07,AAPL,100.0,4.085853679945529,1,10.701554950093058,0.0,100.0
2022-09-08,AAPL,100.0,4.964560152807044,2,21.904770428438624,0.0,100.0
2022-09-09,AAPL,0.0,0.0,2,0.0,0.0,0.0
2022-09-14,AAPL,0.0,0.0,1,0.0,0.0,0.0
2022-09-17,AAPL,100.0,4.685222715174258,1,11.657682794661007,0.0,100.0
2022-09-18,AAPL,-100.0,-1.383816878447231,2,0.0,13.503814082101766,-100.0
2022-09-21,AAPL,-100.0,-9.55789919173313,1,0.0,10.326165937481774,-100.0
2022-09-22,AAPL,0.0,0.0,1,0.0,0.0,0.0
2022-09-23,AAPL,100.0,2.8962671048989423,2,9.663887570567042,0.0,100.0
2022-09-24,AAPL,100.0,3.046311095608016,1,9.573573524852344,0.0,100.0
2022-09-28,AAPL,-100.0,-1.133062426530034,1,0.0,8.85205020726589,-100.0
2022-09-30,AAPL,0.0,0.0,1,0.0,0.0,0.0
2022-10-01,AAPL,100.0,8.053824933270826,1,8.148345743900068,0.0,100.0
2022-10-02,AAPL,100.0,12.52431566374718,1,12.580929848063464,0.0,100.0
2022-10-04,AAPL,0.0,0.0,1,0.0,0.0,0.0
2022-10-06,AAPL,0.0,0.0,1,0.0,0.0,0.0
2022-10-08,AAPL,-100.0,-9.105403440190285,1,0.0,11.070399319380286,-100.0
2022-10-09,AAPL,-100.0,-3.1775644881821443,2,0.0,7.159095388491933,-100.0
2022-10-13,AAPL,100.0,4.25370864711891,2,13.073908743950671,0.0,100.0
2022-10-15,AAPL,100.0,2.027934078447259,1,2.791759469228055,0.0,100.0
2022-10-18,AAPL,100.0,5.29957131953853,1,10.061840363657739,0.0,100.0
2022-10-20,AAPL,100.0,3.5918222583453487,1,9.407601514786142,0.0,100.0
2022-10-21,AAPL,0.0,0.0,1,0.0,0.0,0.0
2022-10-22,AAPL,-100.0,-1.0898686401807571,2,0.0,9.75273950944749,-100.0
2022-10-23,AAPL,0.0,0.0,1,0.0,0.0,0.0
2022-10-24,AAPL,100.0,2.8580296948330557,1,3.0794415416798357,0.0,100.0
2022-10-27,AAPL,-100.0,-0.3740458042322205,2,0.0,9.690305809124883,-100.0
2022-10-30,AAPL,100.0,1.6140777606670196,2,11.483720659717104,0.0,100.0
2022-10-31,AAPL,0.0,0.0,1,0.0,0.0,0.0
2022-11-03,AAPL,100.0,4.106690316063871,1,9.471149252914831,0.0,100.0
2022-11-14,AAPL,0.0,0.0,1,0.0,0.0,0.0
2022-11-16,AAPL,-100.0,-4.07347418170863,1,0.0,9.664232934065552,-100.0
2022-11-20,AAPL,0.0,0.0,1,0.0,0.0,0.0
2022-11-21,AAPL,100.0,5.960232279457532,2,17.497323084010937,0.0,100.0
2022-11-25,AAPL,0.0,0.0,1,0.0,0.0,0.0
2022-11-27,AAPL,100.0,3.674339945325837,2,8.487733761436445,0.0,100.0
2022-11-28,AAPL,-100.0,-3.578640131077958,3,0.0,22.074231351567406,-100.0
2022-11-30,AAPL,0.0,0.0,1,0.0,0.0,0.0
2022-12-03,AAPL,-100.0,-7.786473119955715,1,0.0,9.523572798380277,-100.0
2022-12-05,AAPL,-100.0,-9.21343579810094,1,0.0,9.922924930641832,-100.0
2022-12-06,AAPL,100.0,0.7096,1,1.0,0.0,100.0
2022-12-07,AAPL,50.577595148603486,2.8573173524777395,2,9.741136422901011,3.1972245773362196,50.577595148603486
2022-12-11,AAPL,0.0,0.0,1,0.0,0.0,0.0
2022-12-13,AAPL,100.0,2.3034503330371265,1,10.178746500385005,0.0,100.0
2022-12-15,AAPL,100.0,5.559326122734229,1,9.359134886757962,0.0,100.0
2022-12-20,AAPL,100.0,2.6407804075124273,2,11.546919140850141,0.0,100.0
2022-12-24,AAPL,100.0,5.51684013359507,2,18.257288735912596,0.0,100.0
2022-12-28,AAPL,-100.0,-1.7691122808733224,1,0.0,9.944419791305915,-100.0
2022-12-29,AAPL,100.0,1.008404252189746,2,3.70805020110221,0.0,100.0
2022-12-31,AAPL,100.0,4.208814035622186,1,9.556798446008598,0.0,100.0
2023-01-02,AAPL,100.0,1.7164111087637823,1,11.211045778992698,0.0,100.0
2023-01-03,AAPL,-100.0,-1.684201153303007,1,0.0,3.995732273553991,-100.0
2023-01-05,AAPL,100.0,3.6774102045000183,1,9.631771096123673,0.0,100.0
2023-01-11,AAPL,-100.0,-0.9590517037340841,1,0.0,2.386294361119891,-100.0
2023-01-12,AAPL,-100.0,-1.7155111810716954,1,0.0,9.643120748014027,-100.0
2023-01-13,AAPL,-100.0,-2.9056129326035913,2,0.0,21.175144504517508,-100.0
2023-01-15,AAPL,100.0,2.383982476799794,1,2.6094379124341005,0.0,100.0
2023-01-17,AAPL,-100.0,-4.0838879881719015,2,0.0,8.83002808253384,-100.0
2023-01-19,AAPL,100.0,5.2714463363053685,1,9.079308192051961,0.0,100.0
2023-01-28,AAPL,0.0,0.018469732474908174,1,0.0,0.0,0.0
2023-01-30,AAPL,100.0,1.6972930893508043,1,9.540714386457584,0.0,100.0
2023-02-02,AAPL,-100.0,-5.361545231482562,1,0.0,9.618846845142738,-100.0
2023-02-03,AAPL,-100.0,-2.221961361558609,1,0.0,2.791759469228055,-100.0
2023-02-05,AAPL,0.0,0.0,1,0.0,0.0,0.0
2023-02-08,AAPL,-100.0,-8.557069273738973,1,0.0,9.484669999710677,-100.0
2023-02-13,AAPL,100.0,9.05454870727929,1,9.820551743253025,0.0,100.0
2023-02-15,AAPL,100.0,2.3263593656942754,1,9.861633597686627,0.0,100.0
2023-02-20,AAPL,100.0,2.191656540392725,1,9.684739462628038,0.0,100.0
2023-02-22,AAPL,0.0,0.0,1,0.0,0.0,0.0
2023-02-25,AAPL,0.0,0.0,1,0.0,0.0,0.0
2023-02-26,AAPL,-62.303444474913526,-3.409104629423153,2,2.791759469228055,12.019988874039978,-62.303444474913526
2023-03-01,AAPL,0.0,0.0,1,0.0,0.0,0.0
2023-03-02,AAPL,0.0,0.0,1,0.0,0.0,0.0
2023-03-04,AAPL,100.0,3.163973441731923,1,3.1972245773362196,0.0,100.0
2023-03-06,AAPL,0.0,0.0,2,0.0,0.0,0.0
2023-03-11,AAPL,100.0,2.971905193547291,1,9.339739766019143,0.0,100.0
2023-03-16,AAPL,-100.0,-8.855443404909444,1,0.0,11.57574301295352,-100.0
2023-03-24,AAPL,0.0,0.0,1,0.0,0.0,0.0
2023-03-29,AAPL,0.0,0.0,1,0.0,0.0,0.0
2023-03-31,AAPL,0.0,0.0,1,0.0,0.0,0.0
2023-04-04,AAPL,100.0,0.7312685703861861,2,3.6390573296152584,0.0,100.0
2023-04-06,AAPL,0.0,0.0,1,0.0,0.0,0.0
2023-04-12,AAPL,0.0,0.0,1,0.0,0.0,0.0
2023-04-14,AAPL,100.0,3.354172271363292,1,10.54108193388841,0.0,100.0
2023-04-15,AAPL,100.0,2.806482186568478,1,9.481358738407021,0.0,100.0
2023-04-16,AAPL,100.0,7.056149553189112,1,7.60934924316738,0.0,100.0
2023-04-17,AAPL,-100.0,-2.101881227782157,2,0.0,9.162516250140179,-100.0
2023-04-18,AAPL,-100.0,-0.9620694324228264,1,0.0,9.367764677924308,-100.0
2023-04-19,AAPL,100.0,8.306807849605685,1,9.375629627094451,0.0,100.0
2023-04-26,AAPL,100.0,4.852756312210846,2,13.233211562167623,0.0,100.0
2023-05-13,AAPL,-100.0,-5.612645588025226,1,0.0,9.814033201652784,-100.0
2023-05-19,AAPL,-100.0,-7.03070370206837,1,0.0,11.729569072519801,-100.0
2023-05-20,AAPL,100.0,5.479404626431302,1,6.905361848054571,0.0,100.0
2023-05-23,AAPL,100.0,2.1272782169924302,1,3.0794415416798357,0.0,100.0
2023-05-25,AAPL,100.0,5.758333135917403,1,8.458186157340487,0.0,100.0
2023-06-05,AAPL,100.0,1.3970323765315193,2,11.176259012252155,0.0,100.0
2023-06-06,AAPL,-100.0,-10.164913156302175,1,0.0,11.353639178266699,-100.0
2023-06-07,AAPL,0.0,0.0,1,0.0,0.0,0.0
2023-06-08,AAPL,100.0,5.10551630206995,1,12.112731440260855,0.0,100.0
2023-06-17,AAPL,-100.0,-0.3952899592798508,2,0.0,4.433987204485146,-100.0
2023-06-18,AAPL,100.0,3.349748500690075,1,4.465735902799727,0.0,100.0
2023-06-27,AAPL,-100.0,-2.8459116527403348,1,0.0,8.943782692458626,-100.0
2023-07-03,AAPL,100.0,0.6145226283782307,1,2.6094379124341005,0.0,100.0
2023-07-05,AAPL,100.0,2.0226425238183245,1,2.09861228866811,0.0,100.0
2023-07-25,AAPL,0.0,0.0,1,0.0,0.0,0.0
2023-08-02,AAPL,100.0,1.0204330110376196,1,4.044522437723423,0.0,100.0
2023-08-06,AAPL,0.0,0.0,1,0.0,0.0,0.0
2023-08-23,AAPL,100.0,4.418752147975424,2,16.954588937826564,0.0,100.0
2023-09-05,AAPL,100.0,4.276083648922482,1,9.82555985506085,0.0,100.0
2023-09-07,AAPL,-100.0,-0.394168517335019,1,0.0,3.0794415416798357,-100.0
2023-09-08,AAPL,100.0,1.3980955067106948,1,2.09861228866811,0.0,100.0
2023-09-14,AAPL,0.0,0.0,1,0.0,0.0,0.0
2023-09-15,AAPL,100.0,1.5003520389138711,1,2.9459101490553135,0.0,100.0
2023-09-20,AAPL,0.0,0.0,1,0.0,0.0,0.0
2023-09-26,AAPL,0.0,0.0,1,0.0,0.0,0.0
2023-09-27,AAPL,100.0,2.717012930473716,1,2.9459101490553135,0.0,100.0
2023-10-03,AAPL,-24.82832737562474,0.5101807832792511,2,2.09861228866811,3.4849066497880004,-24.82832737562474
2023-10-04,AAPL,100.0,1.9006298466504596,1,2.791759469228055,0.0,100.0
2023-10-14,AAPL,100.0,2.502190014233059,1,2.6094379124341005,0.0,100.0
2023-10-19,AAPL,0.0,0.0,1,0.0,0.0,0.0
2023-10-26,AAPL,-21.29628379380952,-0.22131002078615736,2,1.6931471805599454,2.6094379124341005,-21.29628379380952
2023-10-30,AAPL,8.381462535670961,0.6827815393909554,2,3.4849066497880004,2.9459101490553135,8.381462535670961
2023-11-02,AAPL,0.0,0.0,1,0.0,0.0,0.0
2023-11-03,AAPL,-100.0,-0.6290041775780197,2,0.0,1.6931471805599454,-100.0
2023-11-05,AAPL,100.0,1.9955704252945057,1,2.09861228866811,0.0,100.0
2023-11-08,AAPL,100.0,8.686098624788539,1,8.83002808253384,0.0,100.0
2023-11-09,AAPL,0.0,0.0,1,0.0,0.0,0.0
2023-11-13,AAPL,100.0,0.8645067803894174,1,2.6094379124341005,0.0,100.0
2023-11-16,AAPL,100.0,4.029085497098955,1,10.02509454366498,0.0,100.0
2023-11-17,AAPL,-56.395340571872254,0.9771549614837567,2,2.791759469228055,10.013108202446475,-56.395340571872254
2023-11-18,AAPL,100.0,8.442184958470833,1,8.587310506022614,0.0,100.0
2023-11-22,AAPL,100.0,1.5897493033780712,1,2.386294361119891,0.0,100.0
2023-11-23,AAPL,-100.0,-7.559510020931414,1,0.0,8.975908360165537,-100.0
2023-11-25,AAPL,-0.2824547549611627,0.42236884594441515,2,7.694562058521095,7.738152494595957,-0.2824547549611627
2023-11-26,AAPL,100.0,6.468714924115846,1,6.993961427306569,0.0,100.0
2023-11-27,AAPL,100.0,6.629050906752599,1,7.418364935936212,0.0,100.0
2023-11-29,AAPL,-100.0,-0.4283019057042301,2,0.0,8.340835554123274,-100.0
2023-11-30,AAPL,32.92451726702886,2.271958961245807,5,19.45391553198474,9.816705015621595,32.92451726702886
2023-12-01,AAPL,100.0,3.2393129281021102,4,15.906613718843268,0.0,100.0
2023-12-02,AAPL,-100.0,-1.4145239373743181,1,0.0,7.440946540632921,-100.0
2023-12-03,AAPL,100.0,2.1167717259655467,3,8.839525581704677,0.0,100.0
2023-12-04,AAPL,0.0,0.0,1,0.0,0.0,0.0
2023-12-05,AAPL,-37.00432612298369,-1.3777932125674484,3,8.86710550031674,19.284368893393538,-37.00432612298369
2023-12-06,AAPL,4.47279665703918,0.7123624313127299,8,17.2442389649976,15.767682830504015,4.47279665703918
2023-12-08,AAPL,-100.0,-2.241783164262014,2,0.0,17.571856988968573,-100.0
2023-12-09,AAPL,100.0,1.3407157913688625,3,7.877296071497429,0.0,100.0
2023-12-10,AAPL,-9.45972061078547,2.34155334496143,2,7.576469569048224,9.159660737063376,-9.45972061078547
2023-12-11,AAPL,100.0,1.9235798833918736,3,18.13557401060849,0.0,100.0
2023-12-12,AAPL,5.9311734686889075,0.09857435345321504,5,18.641895050161075,16.554344998423375,5.9311734686889075
2023-12-13,AAPL,0.0,0.0,1,0.0,0.0,0.0
2023-12-15,AAPL,100.0,2.6609639055252514,3,8.634820677745543,0.0,100.0
2023-12-16,AAPL,-38.61328802907308,-0.867171317505711,3,7.836259277277067,17.694540551156038,-38.61328802907308
2023-12-17,AAPL,-100.0,-2.15173140400975,2,0.0,7.246106765481563,-100.0
2023-12-18,AAPL,-100.0,-1.368085062688241,2,0.0,8.598900456871409,-100.0
2023-12-23,AAPL,0.0,0.0,1,0.0,0.0,0.0
2023-12-25,AAPL,100.0,0.802440760369769,1,7.813444599510896,0.0,100.0
2023-12-26,AAPL,-33.14017527559424,-1.46450650866236,6,13.85073965790801,27.58143494021681,-33.14017527559424
2023-12-27,AAPL,-21.460720565725353,-1.8079142138174522,6,15.458063887749978,23.9058416614116,-21.460720565725353
2023-12-28,AAPL,100.0,2.817072012795155,2,8.846198815497425,0.0,100.0
2023-12-29,AAPL,100.0,6.605642760960389,4,33.010791305962215,0.0,100.0
2023-12-30,AAPL,100.0,2.1621849472390604,1,8.648739788956242,0.0,100.0
2024-01-02,AAPL,100.0,4.3078207854792305,1,6.19295685089021,0.0,100.0
2024-01-04,AAPL,-100.0,-0.8210527811735485,2,0.0,6.0106352940962555,-100.0
2024-01-07,AAPL,83.45343137999576,2.9193058090232125,3,18.772089080122996,1.6931471805599454,83.45343137999576
2024-01-08,AAPL,100.0,2.1826298244153284,10,45.56723273100377,0.0,100.0
2024-01-09,AAPL,100.0,2.451728219752991,8,43.6765902322942,0.0,100.0
2024-01-10,AAPL,27.283978074691483,1.5953513135142015,4,14.152302602320347,8.085064293952549,27.283978074691483
2024-01-11,AAPL,48.319223536737,1.5151535765978628,5,25.826348863365492,8.999007213243955,48.319223536737
2024-01-12,AAPL,42.524486327509976,1.966060661624172,4,25.04947056911566,10.101640955052842,42.524486327509976
2024-01-13,AAPL,100.0,7.023566194081755,1,7.593044534142437,0.0,100.0
2024-01-14,AAPL,100.0,1.5005240242426796,4,24.008384387882874,0.0,100.0
2024-01-15,AAPL,-100.0,-3.4557213526157295,2,0.0,8.9561263512135,-100.0
2024-01-17,AAPL,2.0249686528168347,-2.2108981771467833,4,17.868300068646683,17.15900805913357,2.0249686528168347
2024-01-18,AAPL,100.0,3.4185315071905724,7,43.1121391545498,0.0,100.0
2024-01-19,AAPL,100.0,3.6469191147551183,7,42.00820160485692,0.0,100.0
2024-01-20,AAPL,-100.0,-0.43447096406095065,1,0.0,8.419979923661835,-100.0
2024-01-22,AAPL,-16.52247677638297,0.431404484290856,5,16.85443794980275,23.526343125010882,-16.52247677638297
2024-01-24,AAPL,100.0,0.9708519588775438,3,14.949425654400713,0.0,100.0
2024-01-28,AAPL,100.0,1.0207832467667046,2,8.166265974133637,0.0,100.0
2024-01-29,AAPL,1.9749465325180677,0.3574086430748023,4,10.193123721512066,9.798303718484979,1.9749465325180677
2024-01-30,AAPL,100.0,2.5781287604586334,4,35.8987386966392,0.0,100.0
2024-01-31,AAPL,56.45891492899351,1.7080300564842594,4,26.286735237966308,7.315358001522335,56.45891492899351
2024-02-01,AAPL,100.0,1.214729364619686,5,20.505034804155112,0.0,100.0
2024-02-03,AAPL,-12.956223617490773,0.48416134518468584,3,7.428105272684596,9.639410824140487,-12.956223617490773
2024-02-04,AAPL,100.0,4.453191951929392,2,16.013272299246108,0.0,100.0
2024-02-05,AAPL,21.683984087810277,0.7645337497266421,4,15.247920560361433,9.81358720447004,21.683984087810277
2024-02-07,AAPL,100.0,7.249815032834114,1,7.675823221634848,0.0,100.0
2024-02-09,AAPL,9.11173371964837,1.977984709745736,8,20.981777935193687,17.47747336605363,9.11173371964837
2024-02-10,AAPL,86.40942424337639,2.5341873757745987,5,23.223342170301567,1.6931471805599454,86.40942424337639
2024-02-11,AAPL,49.380503678722214,3.137544359216399,4,23.847019514128867,8.080867896690782,49.380503678722214
2024-02-13,AAPL,-100.0,-0.7008686988067561,2,0.0,7.879355804460439,-100.0
2024-02-16,AAPL,27.533169840372796,1.5472282161963915,7,29.015317548389508,16.487068355931072,27.533169840372796
2024-02-17,AAPL,-100.0,-1.8346826209399438,4,0.0,7.236369590203704,-100.0
2024-02-18,AAPL,-11.116716229072724,1.6422540304622322,2,7.214608098422191,9.019283792916793,-11.116716229072724
2024-02-20,AAPL,100.0,0.7244589859624371,5,11.555630757048277,0.0,100.0
2024-02-22,AAPL,0.0,0.0,3,0.0,0.0,0.0
2024-02-24,AAPL,0.0,0.0,1,0.0,0.0,0.0
2024-02-25,AAPL,0.0,0.0,1,0.0,0.0,0.0
2024-02-27,AAPL,36.796110609819735,1.7870297559067223,6,19.932279235893468,9.209308411646937,36.796110609819735
2024-02-28,AAPL,4.3769590651271315,0.3276993533398581,5,8.78897174299217,8.051855622955895,4.3769590651271315
2024-02-29,AAPL,0.0,0.0,3,0.0,0.0,0.0
2024-03-02,AAPL,100.0,2.397939023642945,4,22.036390245802544,0.0,100.0
2024-03-03,AAPL,-44.04346680723908,0.08341611127124555,6,6.69035945432406,17.222342325383728,-44.04346680723908
2024-03-05,AAPL,17.320028913949113,1.0489899458518874,4,11.14206153122289,7.852242569051878,17.320028913949113
2024-03-06,AAPL,8.333432831324645,0.23825416236633135,8,22.231103871621023,18.810896350480114,8.333432831324645
2024-03-10,AAPL,56.733846112238915,2.3928622435812126,3,11.963782708319883,3.302585092994046,56.733846112238915
2024-03-11,AAPL,20.772805040960712,1.577050509190516,6,14.922289170674063,9.789050713521046,20.772805040960712
2024-03-12,AAPL,55.097873884566184,0.8012755985650708,3,9.013343181386672,2.6094379124341005,55.097873884566184
2024-03-13,AAPL,-81.68212718048503,-1.5620885671729752,6,2.09861228866811,20.814662733444173,-81.68212718048503
2024-03-15,AAPL,100.0,1.6548601214276832,2,7.852242569051878,0.0,100.0
2024-03-17,AAPL,100.0,1.9065417012607295,2,8.658227526161351,0.0,100.0
2024-03-19,AAPL,63.47716142244011,2.0092774970802463,4,9.393442383980062,2.09861228866811,63.47716142244011
2024-03-22,AAPL,-24.9746519928267,-0.09868615738088238,5,15.197344682377619,25.31521563503557,-24.9746519928267
2024-03-24,AAPL,-100.0,-0.4083766922063982,3,0.0,8.002155954403621,-100.0
2024-03-26,AAPL,100.0,1.6906256263730768,5,14.67018394907107,0.0,100.0
2024-03-29,AAPL,100.0,3.42186928229399,3,15.41433125266882,0.0,100.0
2024-03-31,AAPL,-100.0,-0.829406609428558,2,0.0,5.060443010546419,-100.0
2024-04-01,AAPL,-45.27835893749058,-0.5285747471972341,3,3.0794415416798357,8.175489713624222,-45.27835893749058
2024-04-02,AAPL,-43.67476177295105,-1.174033610975274,8,8.273786317844895,21.10482468595763,-43.67476177295105
2024-04-04,AAPL,54.37006102752824,1.6769726169157058,5,28.222158813908333,8.342131730584722,54.37006102752824
2024-04-07,AAPL,45.73239516822474,2.5959993047445735,4,15.818178994518547,5.890349128221754,45.73239516822474
2024-04-08,AAPL,100.0,2.637448682109665,3,16.30166985379445,0.0,100.0
2024-04-09,AAPL,100.0,3.3278025735225825,2,16.21830410061727,0.0,100.0
2024-04-10,AAPL,8.526236845052656,1.1751419606378102,4,7.066108090103747,5.955827057601261,8.526236845052656
2024-04-12,AAPL,-3.3878533812733274,1.7328054889842295,2,7.595780513961311,8.128495945680037,-3.3878533812733274
2024-04-13,AAPL,-100.0,-2.290135104455578,3,0.0,9.080856419640986,-100.0
2024-04-14,AAPL,15.646917735669735,0.5496311822282306,4,15.891523927979717,11.591307848483947,15.646917735669735
2024-04-15,AAPL,-70.88415518250449,-1.6852006752943716,6,4.091042453358316,24.010786492371167,-70.88415518250449
2024-04-16,AAPL,100.0,1.9957062454823788,4,11.047586120674756,0.0,100.0
2024-04-17,AAPL,-100.0,-4.84394789025584,4,0.0,30.071048862283273,-100.0
2024-04-19,AAPL,-55.680424139586435,-2.6225798917462924,6,9.318254328798846,32.73203224500363,-55.680424139586435
2024-04-23,AAPL,-37.328340700513216,-0.38972720971219577,9,16.46370116674047,36.07584015309591,-37.328340700513216
2024-04-24,AAPL,34.10270714649848,0.29683043232688855,4,16.32674549794895,8.022868086082642,34.10270714649848
2024-04-28,AAPL,-100.0,-2.7041760686018588,2,0.0,15.545702456761076,-100.0
2024-05-01,AAPL,100.0,0.2529841048419669,4,7.905753276311464,0.0,100.0
2024-05-06,AAPL,35.77299256350098,1.938904543810409,4,17.327425163433762,8.19668657083435,35.77299256350098
2024-05-08,AAPL,57.062338213768996,0.49704289113774563,6,28.1415278267735,7.693323668269949,57.062338213768996
2024-05-09,AAPL,100.0,2.239225931514543,1,9.894944460956886,0.0,100.0
2024-05-11,AAPL,100.0,3.2191210562047003,6,21.679201987310783,0.0,100.0
2024-05-12,AAPL,-23.01006019398122,2.2590696443799256,2,5.74493212836325,9.178919332848396,-23.01006019398122
2024-05-13,AAPL,46.977470640835435,0.9867901744265403,6,22.26138837928853,8.030857476116122,46.977470640835435
2024-05-14,AAPL,100.0,5.883617558625756,2,17.545471570868322,0.0,100.0
2024-05-15,AAPL,10.192133245158718,0.5137608126968414,8,10.159374736775426,8.280008252884187,10.192133245158718
2024-05-16,AAPL,29.96870246830668,1.2796640037618818,5,17.24943822387356,9.294549515143679,29.96870246830668
2024-05-17,AAPL,100.0,1.7940547964461206,4,7.393590753950631,0.0,100.0
2024-05-18,AAPL,100.0,1.9170570621043508,1,7.668228248417403,0.0,100.0
2024-05-19,AAPL,31.189094135301552,0.9680805963656355,4,11.230044955250518,5.890349128221754,31.189094135301552
2024-05-20,AAPL,100.0,0.547408331378296,5,8.05012252026906,0.0,100.0
2024-05-21,AAPL,-100.0,-1.0709887157445488,5,0.0,10.7473014693468,-100.0
2024-05-22,AAPL,100.0,1.431107076762445,3,11.524347869595513,0.0,100.0
2024-05-23,AAPL,100.0,2.4636638115528746,4,18.21002193000489,0.0,100.0
2024-05-24,AAPL,-30.748911309397187,-2.443461439070818,3,4.912023005428146,9.27410200229233,-30.748911309397187
2024-05-25,AAPL,-100.0,-0.6095101730479212,1,0.0,3.4849066497880004,-100.0
2024-05-26,AAPL,100.0,5.031694664593555,3,25.831694259827852,0.0,100.0
2024-05-27,AAPL,0.0,0.0,1,0.0,0.0,0.0
2024-05-28,AAPL,100.0,2.048108448111528,3,6.262690188904886,0.0,100.0
2024-05-29,AAPL,1.8765222400398727,-0.29588362105281424,3,3.1972245773362196,3.0794415416798357,1.8765222400398727
2024-05-30,AAPL,100.0,2.241379035505576,6,17.891042533588287,0.0,100.0
2024-05-31,AAPL,25.89534102358899,0.9279527797075964,5,16.614611078427025,9.77971129020447,25.89534102358899
2024-06-01,AAPL,23.249149683606,-0.4863239900793386,4,12.439454468708451,7.7464121285733745,23.249149683606
2024-06-02,AAPL,-100.0,-5.011624053649786,2,0.0,19.716717884233383,-100.0
2024-06-04,AAPL,-70.86532616963174,-1.3704550847436365,3,2.791759469228055,16.372755537753694,-70.86532616963174
2024-06-05,AAPL,54.57676012707391,1.5639049654575379,9,25.557652982110355,7.51025834052315,54.57676012707391
2024-06-06,AAPL,100.0,2.6973837251469734,6,30.72212411419121,0.0,100.0
2024-06-07,AAPL,0.0,0.0,1,0.0,0.0,0.0
2024-06-13,AAPL,-100.0,-1.1323427065679965,6,0.0,13.908367172889058,-100.0
2024-06-15,AAPL,100.0,3.157512071608564,1,7.856461984594587,0.0,100.0
2024-06-16,AAPL,100.0,1.1414262381814828,5,13.05117567885083,0.0,100.0
2024-06-19,AAPL,34.982272273540275,0.6000273769932404,3,16.61692362948876,8.003974136722679,34.982272273540275
2024-06-20,AAPL,57.65478506673111,1.7439138321648673,8,30.175465816714027,8.104965448269843,57.65478506673111
2024-06-21,AAPL,29.3217412560727,0.5669667876617255,6,13.13745234248192,7.180016653652572,29.3217412560727
2024-06-23,AAPL,100.0,2.333260980700278,3,14.069290259864008,0.0,100.0
2024-06-24,AAPL,100.0,1.7664144834873874,9,30.048502510305138,0.0,100.0
2024-06-25,AAPL,6.011602616231418,-0.20681388474998538,6,17.95501139893762,15.918660832838512,6.011602616231418
2024-06-26,AAPL,100.0,4.272072750238792,5,35.66809551728505,0.0,100.0
2024-06-29,AAPL,0.0,0.0,1,0.0,0.0,0.0
2024-06-30,AAPL,-32.73713782859186,-0.05037990920840615,3,8.229113877793303,16.23940741950976,-32.73713782859186
2024-07-01,AAPL,100.0,2.8856493551875584,4,21.947646767827543,0.0,100.0
2024-07-02,AAPL,-7.168804128931401,-0.4081238103247144,9,15.965346801123165,18.431165387079425,-7.168804128931401
2024-07-03,AAPL,7.495017555852786,-0.09481262152553627,4,12.101846487027707,10.414260328322634,7.495017555852786
2024-07-04,AAPL,-100.0,-2.271652947184383,5,0.0,21.91328641181682,-100.0
2024-07-05,AAPL,-100.0,-0.14391751034759537,4,0.0,1.6931471805599454,-100.0
2024-07-06,AAPL,100.0,2.2810547240505303,4,20.59145612090336,0.0,100.0
2024-07-07,AAPL,100.0,1.4962260788424735,2,10.109635667854551,0.0,100.0
2024-07-08,AAPL,100.0,1.6158069494423668,6,18.90528389796518,0.0,100.0
2024-07-11,AAPL,-13.821465793444082,-0.6832694583951713,6,8.1608459066643,10.77854771798028,-13.821465793444082
2024-07-12,AAPL,-51.87518590931018,-0.3582590159051113,6,4.871201010907891,15.372829445929838,-51.87518590931018
2024-07-13,AAPL,100.0,2.0816701721261173,2,8.429520842786463,0.0,100.0
2024-07-14,AAPL,100.0,6.814554592870573,1,8.074116816197362,0.0,100.0
2024-07-15,AAPL,11.354058714084736,1.0443351863694212,6,14.49067985602291,11.535636604034492,11.354058714084736
2024-07-16,AAPL,-100.0,-3.0325379527888026,4,0.0,24.828411486656048,-100.0
2024-07-20,AAPL,100.0,2.670061079151315,2,5.430816798843313,0.0,100.0
2024-07-21,AAPL,19.34636673748359,1.2473981711820101,3,16.21718984220942,10.959489742651412,19.34636673748359
2024-07-22,AAPL,0.0,0.0,3,0.0,0.0,0.0
2024-07-28,AAPL,54.769714707424924,2.732354136396013,4,26.494712984087215,7.742880635791903,54.769714707424924
2024-07-29,AAPL,53.84153727360537,0.713785991900888,5,21.339483009492135,6.402677381872279,53.84153727360537
2024-07-30,AAPL,-4.384985606514814,1.5543252529001816,5,14.841648974268141,16.202950178727207,-4.384985606514814
2024-07-31,AAPL,14.367394701343498,0.6876442455980679,6,4.761200115693562,3.5649493574615367,14.367394701343498
2024-08-03,AAPL,8.870613391777466,1.3521453966552368,9,30.37893166568883,25.42847259016562,8.870613391777466
2024-08-04,AAPL,86.01793882149309,3.755763733503454,6,31.747362052686647,2.386294361119891,86.01793882149309
2024-08-07,AAPL,100.0,4.119370378934771,5,30.130458108913878,0.0,100.0
2024-08-08,AAPL,100.0,2.38472482941276,4,18.174199953862942,0.0,100.0
2024-08-09,AAPL,33.96683077866421,3.253442572662818,4,21.91715223836304,10.80311457838934,33.96683077866421
2024-08-10,AAPL,0.0,0.0,1,0.0,0.0,0.0
2024-08-11,AAPL,61.626448942800494,1.329922990496552,4,15.61802257008856,3.70805020110221,61.626448942800494
2024-08-12,AAPL,0.0,0.0,1,0.0,0.0,0.0
2024-08-14,AAPL,-37.41100839871733,-0.5979707780723615,5,6.902633333401366,15.154387100396155,-37.41100839871733
2024-08-15,AAPL,100.0,1.6243567879803031,2,8.083387847625296,0.0,100.0
2024-08-16,AAPL,100.0,3.288499718367051,2,8.258412150595307,0.0,100.0
2024-08-18,AAPL,-100.0,-1.763388020444206,2,0.0,9.764053269347762,-100.0
2024-08-20,AAPL,100.0,0.47176664167790044,3,7.955592608396297,0.0,100.0
2024-08-22,AAPL,-100.0,-2.337122078533369,1,0.0,7.895682697747868,-100.0
2024-08-23,AAPL,-31.277443517781318,-1.104018860122811,6,7.876264611890766,15.045655104319664,-31.277443517781318
2024-08-27,AAPL,43.78106140579195,3.0026065549933154,4,18.532063177513745,7.246106765481563,43.78106140579195
2024-08-28,AAPL,100.0,3.179189558464086,5,16.547936142321056,0.0,100.0
2024-08-29,AAPL,37.34110280163077,1.2674326884995053,4,17.43146737608597,7.952728644624869,37.34110280163077
2024-09-01,AAPL,-13.471198745984236,0.0029895388926554634,4,7.818924065275521,10.25349564229011,-13.471198745984236
2024-09-02,AAPL,100.0,2.899724543277027,5,19.452104357042614,0.0,100.0
2024-09-03,AAPL,-100.0,-1.1984252521382395,3,0.0,7.836259277277067,-100.0
2024-09-04,AAPL,-2.933486281756259,0.34562666426365096,2,7.854354502255021,8.329093736246591,-2.933486281756259
2024-09-05,AAPL,-100.0,-0.49003049754741707,2,0.0,7.656726524178391,-100.0
2024-09-07,AAPL,100.0,1.122896888810007,3,5.890349128221754,0.0,100.0
2024-09-09,AAPL,55.686300819946624,1.739455644368447,18,60.00519936617502,17.07955253575612,55.686300819946624
2024-09-12,AAPL,65.60583927982366,2.2046233674954494,8,44.337028941723055,9.208219383496834,65.60583927982366
2024-09-13,AAPL,-100.0,-1.1145792296232455,6,0.0,9.006700845440367,-100.0
2024-09-14,AAPL,100.0,1.3927656116367062,4,8.18311170174328,0.0,100.0
2024-09-17,AAPL,16.880256279936184,0.8120863779563166,9,22.90187279868185,16.286735316328272,16.880256279936184
2024-09-19,AAPL,-55.50837541690263,-1.2026096023921784,7,7.9584483932976555,27.816592270518054,-55.50837541690263
2024-09-21,AAPL,0.0,0.0,4,0.0,0.0,0.0
2024-09-22,AAPL,100.0,3.1047748801287067,6,33.51571746312494,0.0,100.0
2024-09-23,AAPL,-3.5512885874874027,0.355574267215641,3,7.897704943128636,8.479299637782834,-3.5512885874874027
2024-09-24,AAPL,-33.489852990776455,-1.3788467536213864,5,8.428333194190806,16.916170082946667,-33.489852990776455
2024-09-26,AAPL,-62.44167271630972,-0.6903560386763985,6,5.955827057601261,25.759254461418255,-62.44167271630972
2024-09-27,AAPL,38.68369880936189,1.6575056243598063,5,16.281341744665532,7.198478716492308,38.68369880936189
2024-09-28,AAPL,-100.0,-1.0021327067328163,5,0.0,8.784473235736469,-100.0
2024-09-29,AAPL,30.61474729839367,2.1349913998234658,3,16.93073739085201,8.993957547573565,30.61474729839367
2024-09-30,AAPL,39.86431029830628,2.0109181156135345,6,17.74139036732865,7.628041376179533,39.86431029830628
2024-10-01,AAPL,6.99450887742669,1.2383974358210454,5,19.019257816289684,16.532581274963526,6.99450887742669
2024-10-03,AAPL,24.298134389959856,0.602926681717655,7,13.755801052853856,8.377758908227872,24.298134389959856
2024-10-04,AAPL,100.0,4.613246284402653,3,16.63742027822361,0.0,100.0
2024-10-05,AAPL,-100.0,-8.13534358625731,1,0.0,9.950273466557375,-100.0
2024-10-06,AAPL,100.0,2.09244614580848,5,15.35088126108799,0.0,100.0
2024-10-07,AAPL,48.273572754975824,1.3711827025757242,5,23.650409858260147,8.250635511898679,48.273572754975824
2024-10-08,AAPL,-1.3390258716688752,0.6409287205548069,4,8.31388683163346,8.53955882930103,-1.3390258716688752
2024-10-09,AAPL,17.698873690015446,0.9213189742092512,7,22.67951174464528,15.85868498334807,17.698873690015446
2024-10-10,AAPL,100.0,2.5928399120272174,2,7.860663671448287,0.0,100.0
2024-10-12,AAPL,-100.0,-2.2809131756643835,2,0.0,9.569595870209286,-100.0
2024-10-20,AAPL,100.0,3.5105519600588293,5,21.388460507571146,0.0,100.0
