date,ticker,action,shares,price,value
2014-10-27,AAPL,BUY,3805.0,26.27750015258789,99985.88808059692
2015-07-13,AAPL,SELL,3805.0,31.415000915527344,119534.07848358154
2015-08-25,AAPL,BUY,4609.0,25.934999465942383,119534.41253852844
2015-12-09,AAPL,SELL,4609.0,28.905000686645508,133223.14816474915
2016-01-26,AAPL,BUY,5330.0,24.997499465942383,133236.6721534729
2016-05-13,AAPL,SELL,5330.0,22.6299991607666,120617.89552688599
2016-08-31,AAPL,BUY,4547.0,26.524999618530273,120609.17326545715
2016-09-26,AAPL,SELL,4547.0,28.219999313354492,128316.33687782288
2016-10-07,AAPL,BUY,4500.0,28.514999389648438,128317.49725341797
2016-10-17,AAPL,SELL,4500.0,29.387500762939453,132243.75343322754
2016-10-20,AAPL,BUY,4519.0,29.264999389648438,132248.5322418213
2016-10-28,AAPL,SELL,4519.0,28.43000030517578,128475.17137908936
2016-11-03,AAPL,BUY,4679.0,27.457500457763672,128473.64464187622
2016-11-04,AAPL,SELL,4679.0,27.209999084472656,127315.58571624756
2016-11-15,AAPL,BUY,4754.0,26.77750015258789,127300.23572540283
2016-12-12,AAPL,SELL,4754.0,28.325000762939453,134657.05362701416
2017-03-21,AAPL,BUY,3852.0,34.959999084472656,134665.91647338867
2017-07-31,AAPL,SELL,3852.0,37.182498931884766,143226.98588562012
2017-08-10,AAPL,BUY,3688.0,38.83000183105469,143205.0467529297
2017-09-11,AAPL,SELL,3688.0,40.375,148903.0
2017-10-23,AAPL,BUY,3814.0,39.04249954223633,148908.09325408936
2017-11-03,AAPL,SELL,3814.0,43.125,164478.75
2017-11-06,AAPL,BUY,3776.0,43.5625,164492.0
2017-11-08,AAPL,SELL,3776.0,44.060001373291016,166370.56518554688
2017-11-20,AAPL,BUY,3915.0,42.494998931884766,166367.92081832886
2017-11-28,AAPL,SELL,3915.0,43.26750183105469,169392.2696685791
2017-12-05,AAPL,BUY,3994.0,42.40999984741211,169385.53939056396
2017-12-18,AAPL,SELL,3994.0,44.10499954223633,176155.3681716919
2017-12-20,AAPL,BUY,4041.0,43.587501525878906,176137.09366607666
2017-12-28,AAPL,SELL,4041.0,42.77000045776367,172833.571849823
2018-01-02,AAPL,BUY,4014.0,43.064998626708984,172862.90448760986
2018-01-05,AAPL,SELL,4014.0,43.75,175612.5
2018-01-17,AAPL,BUY,3922.0,44.775001525878906,175607.55598449707
2018-01-30,AAPL,SELL,3922.0,41.74250030517578,163714.0861968994
2018-01-31,AAPL,BUY,3911.0,41.85749816894531,163704.67533874512
2018-02-22,AAPL,SELL,3911.0,43.125,168661.875
2018-03-22,AAPL,BUY,3996.0,42.212501525878906,168681.1560974121
2018-03-26,AAPL,SELL,3996.0,43.192501068115234,172597.23426818848
2018-03-27,AAPL,BUY,4101.0,42.084999084472656,172590.58124542236
2018-04-12,AAPL,SELL,4101.0,43.53499984741211,178537.03437423706
2018-05-07,AAPL,BUY,3857.0,46.290000915527344,178540.53353118896
2018-05-31,AAPL,SELL,3857.0,46.717498779296875,180189.39279174805
2018-06-08,AAPL,BUY,3760.0,47.92499923706055,180197.99713134766
2018-08-28,AAPL,SELL,3760.0,54.92499923706055,206517.99713134766
2018-09-05,AAPL,BUY,3641.0,56.717498779296875,206508.41305541992
2018-10-01,AAPL,SELL,3641.0,56.814998626708984,206863.4099998474
2018-10-10,AAPL,BUY,3824.0,54.09000015258789,206840.1605834961
2018-10-12,AAPL,SELL,3824.0,55.52750015258789,212337.1605834961
2018-10-17,AAPL,BUY,3840.0,55.29750061035156,212342.40234375
2018-10-25,AAPL,SELL,3840.0,54.95000076293945,211008.0029296875
2018-10-31,AAPL,BUY,3857.0,54.71500015258789,211035.7555885315
2018-11-09,AAPL,SELL,3857.0,51.11750030517578,197160.198677063
2018-11-12,AAPL,BUY,4061.0,48.54249954223633,197131.09064102173
2018-11-15,AAPL,SELL,4061.0,47.852500915527344,194329.00621795654
2018-11-19,AAPL,BUY,4182.0,46.46500015258789,194316.63063812256
2018-11-23,AAPL,SELL,4182.0,43.0724983215332,180129.18798065186
2018-12-07,AAPL,BUY,4277.0,42.122501373291016,180157.93837356567
2018-12-18,AAPL,SELL,4277.0,41.51750183105469,177570.3553314209
2019-01-09,AAPL,BUY,4633.0,38.32749938964844,177571.3046722412
2019-01-30,AAPL,SELL,4633.0,41.3125,191400.8125
2019-02-12,AAPL,BUY,4480.0,42.72249984741211,191396.79931640625
2019-02-20,AAPL,SELL,4480.0,43.00749969482422,192673.5986328125
2019-02-25,AAPL,BUY,4423.0,43.557498931884766,192654.81777572632
2019-03-22,AAPL,SELL,4423.0,47.76250076293945,211253.5408744812
2019-03-25,AAPL,BUY,4477.0,47.185001373291016,211247.25114822388
2019-03-29,AAPL,SELL,4477.0,47.48749923706055,212601.53408432007
2019-04-09,AAPL,BUY,4263.0,49.875,212617.125
2019-05-10,AAPL,SELL,4263.0,49.29499816894531,210144.57719421387
2019-06-06,AAPL,BUY,4538.0,46.30500030517578,210132.0913848877
2019-08-08,AAPL,SELL,4538.0,50.85749816894531,230791.32669067383
2019-08-23,AAPL,BUY,4556.0,50.65999984741211,230806.95930480957
2019-10-02,AAPL,SELL,4556.0,54.7400016784668,249395.44764709473
2019-10-07,AAPL,BUY,4393.0,56.76499938964844,249368.6423187256
2019-10-10,AAPL,SELL,4393.0,57.522499084472656,252696.33847808838
2019-10-23,AAPL,BUY,4157.0,60.79499816894531,252724.80738830566
2019-11-04,AAPL,SELL,4157.0,64.375,267606.875
2019-11-11,AAPL,BUY,4082.0,65.55000305175781,267575.1124572754
2019-11-15,AAPL,SELL,4082.0,66.44000244140625,271208.0899658203
2019-11-29,AAPL,BUY,4060.0,66.8125,271258.75
2020-01-16,AAPL,SELL,4060.0,78.80999755859375,319968.5900878906
2020-01-31,AAPL,BUY,4135.0,77.37750244140625,319955.97259521484
2020-02-14,AAPL,SELL,4135.0,81.23750305175781,335917.07511901855
2020-02-18,AAPL,BUY,4212.0,79.75,335907.0
2020-02-19,AAPL,SELL,4212.0,80.90499877929688,340771.85485839844
2020-02-25,AAPL,BUY,4731.0,72.0199966430664,340726.60411834717
2020-03-09,AAPL,SELL,4731.0,66.5425033569336,314812.58338165283
2020-03-18,AAPL,BUY,5106.0,61.66749954223633,314874.2526626587
2020-03-23,AAPL,SELL,5106.0,56.092498779296875,286408.29876708984
2020-04-17,AAPL,BUY,4051.0,70.69999694824219,286405.6876373291
2020-05-08,AAPL,SELL,4051.0,77.53250122070312,314084.16244506836
2020-05-19,AAPL,BUY,4012.0,78.28500366210938,314079.4346923828
2020-05-21,AAPL,SELL,4012.0,79.2125015258789,317800.5561218262
2020-05-27,AAPL,BUY,3996.0,79.52749633789062,317791.87536621094
2020-06-08,AAPL,SELL,3996.0,83.36499786376953,333126.53146362305
2020-06-10,AAPL,BUY,3776.0,88.20999908447266,333080.95654296875
2020-06-22,AAPL,SELL,3776.0,89.71749877929688,338773.275390625
2020-06-23,AAPL,BUY,3697.0,91.63249969482422,338765.35137176514
2020-06-25,AAPL,SELL,3697.0,91.20999908447266,337203.3666152954
2020-06-30,AAPL,BUY,3698.0,91.19999694824219,337257.5887145996
2020-07-23,AAPL,SELL,3698.0,92.84500122070312,343340.81451416016
2020-07-24,AAPL,BUY,3707.0,92.61499786376953,343323.79708099365
2020-08-04,AAPL,SELL,3707.0,109.66500091552734,406528.15839385986
2020-08-12,AAPL,BUY,3597.0,113.01000213623047,406496.977684021
2020-08-20,AAPL,SELL,3597.0,118.2750015258789,425435.1804885864
2020-08-21,AAPL,BUY,3421.0,124.37000274658203,425469.7793960571
2020-08-26,AAPL,SELL,3421.0,126.52249908447266,432833.46936798096
2020-08-27,AAPL,BUY,3462.0,125.01000213623047,432784.6273956299
2020-09-09,AAPL,SELL,3462.0,117.31999969482422,406161.83894348145
2020-09-14,AAPL,BUY,3521.0,115.36000061035156,406182.56214904785
2020-10-02,AAPL,SELL,3521.0,113.0199966430664,397943.4081802368
2020-10-14,AAPL,BUY,3284.0,121.19000244140625,397987.9680175781
2020-10-23,AAPL,SELL,3284.0,115.04000091552734,377791.3630065918
2020-10-29,AAPL,BUY,3276.0,115.31999969482422,377788.31900024414
2020-11-13,AAPL,SELL,3276.0,119.26000213623047,390695.766998291
2020-11-27,AAPL,BUY,3351.0,116.58999633789062,390693.0777282715
2020-12-07,AAPL,SELL,3351.0,123.75,414686.25
2020-12-09,AAPL,BUY,3405.0,121.77999877929688,414660.89584350586
2020-12-22,AAPL,SELL,3405.0,131.8800048828125,449051.41662597656
2020-12-31,AAPL,BUY,3384.0,132.69000244140625,449022.96826171875
2021-01-05,AAPL,SELL,3384.0,131.00999450683594,443337.8214111328
2021-01-06,AAPL,BUY,3502.0,126.5999984741211,443353.19465637207
2021-01-13,AAPL,SELL,3502.0,130.88999938964844,458376.7778625488
2021-01-14,AAPL,BUY,3556.0,128.91000366210938,458403.97302246094
2021-01-20,AAPL,SELL,3556.0,132.02999877929688,469498.6756591797
2021-01-21,AAPL,BUY,3430.0,136.8699951171875,469464.0832519531
2021-02-05,AAPL,SELL,3430.0,136.75999450683594,469086.78115844727
2021-02-08,AAPL,BUY,3426.0,136.91000366210938,469053.6725463867
2021-03-02,AAPL,SELL,3426.0,125.12000274658203,428661.12940979004
2021-03-03,AAPL,BUY,3512.0,122.05999755859375,428674.71142578125
2021-03-19,AAPL,SELL,3512.0,119.98999786376953,421404.8724975586
2021-03-26,AAPL,BUY,3477.0,121.20999908447266,421447.1668167114
2021-05-03,AAPL,SELL,3477.0,132.5399932861328,460841.5566558838
2021-05-11,AAPL,BUY,3660.0,125.91000366210938,460830.6134033203
2021-05-24,AAPL,SELL,3660.0,127.0999984741211,465185.9944152832
2021-05-25,AAPL,BUY,3666.0,126.9000015258789,465215.40559387207
2021-05-28,AAPL,SELL,3666.0,124.61000061035156,456820.2622375488
2021-06-01,AAPL,BUY,3676.0,124.27999877929688,456853.2755126953
2021-06-03,AAPL,SELL,3676.0,123.54000091552734,454133.0433654785
2021-06-08,AAPL,BUY,3583.0,126.73999786376953,454109.41234588623
2021-06-16,AAPL,SELL,3583.0,130.14999389648438,466327.4281311035
2021-06-17,AAPL,BUY,3538.0,131.7899932861328,466272.9962463379
2021-07-01,AAPL,SELL,3538.0,137.27000427246094,485661.2751159668
2021-07-13,AAPL,BUY,3335.0,145.63999938964844,485709.39796447754
2021-07-14,AAPL,SELL,3335.0,149.14999389648438,497415.2296447754
2021-07-21,AAPL,BUY,3421.0,145.39999389648438,497413.37911987305
2021-08-05,AAPL,SELL,3421.0,147.05999755859375,503092.2516479492
2021-08-10,AAPL,BUY,3455.0,145.60000610351562,503048.0210876465
2021-08-19,AAPL,SELL,3455.0,146.6999969482422,506848.48945617676
2021-08-23,AAPL,BUY,3386.0,149.7100067138672,506918.0827331543
2021-09-16,AAPL,SELL,3386.0,148.7899932861328,503802.9172668457
2021-09-21,AAPL,BUY,3512.0,143.42999267578125,503726.13427734375
2021-09-22,AAPL,SELL,3512.0,145.85000610351562,512225.2214355469
2021-09-27,AAPL,BUY,3524.0,145.3699951171875,512283.86279296875
2021-10-08,AAPL,SELL,3524.0,142.89999389648438,503579.57849121094
2021-10-20,AAPL,BUY,3374.0,149.25999450683594,503603.22146606445
2021-10-26,AAPL,SELL,3374.0,149.32000732421875,503805.70471191406
2021-11-02,AAPL,BUY,3358.0,150.02000427246094,503767.1743469238
2021-11-18,AAPL,SELL,3358.0,157.8699951171875,530127.4436035156
2021-11-22,AAPL,BUY,3292.0,161.02000427246094,530077.8540649414
2021-12-03,AAPL,SELL,3292.0,161.83999633789062,532777.2679443359
2021-12-07,AAPL,BUY,3112.0,171.17999267578125,532712.1372070312
2021-12-23,AAPL,SELL,3112.0,176.27999877929688,548583.3562011719
2021-12-27,AAPL,BUY,3042.0,180.3300018310547,548563.8655700684
2022-01-10,AAPL,SELL,3042.0,172.19000244140625,523801.9874267578
2022-01-11,AAPL,BUY,2992.0,175.0800018310547,523839.3654785156
2022-01-19,AAPL,SELL,2992.0,166.22999572753906,497360.1472167969
2022-01-20,AAPL,BUY,3024.0,164.50999450683594,497478.2233886719
2022-01-26,AAPL,SELL,3024.0,159.69000244140625,482902.5673828125
2022-01-28,AAPL,BUY,2835.0,170.3300018310547,482885.55519104004
2022-02-04,AAPL,SELL,2835.0,172.38999938964844,488725.6482696533
2022-02-11,AAPL,BUY,2898.0,168.63999938964844,488718.7182312012
2022-02-22,AAPL,SELL,2898.0,164.32000732421875,476199.38122558594
2022-03-03,AAPL,BUY,2864.0,166.22999572753906,476082.7077636719
2022-03-08,AAPL,SELL,2864.0,157.44000244140625,450908.1669921875
2022-03-09,AAPL,BUY,2768.0,162.9499969482422,451045.5915527344
2022-03-16,AAPL,SELL,2768.0,159.58999633789062,441745.10986328125
2022-03-23,AAPL,BUY,2595.0,170.2100067138672,441694.96742248535
2022-03-28,AAPL,SELL,2595.0,175.60000610351562,455682.01583862305
2022-03-31,AAPL,BUY,2610.0,174.61000061035156,455732.1015930176
2022-04-05,AAPL,SELL,2610.0,175.05999755859375,456906.5936279297
2022-04-12,AAPL,BUY,2725.0,167.66000366210938,456873.50997924805
2022-04-13,AAPL,SELL,2725.0,170.39999389648438,464339.9833679199
2022-04-14,AAPL,BUY,2809.0,165.2899932861328,464299.59114074707
2022-06-03,AAPL,SELL,2809.0,145.3800048828125,408372.4337158203
2022-06-07,AAPL,BUY,2746.0,148.7100067138672,408357.6784362793
2022-06-28,AAPL,SELL,2746.0,137.44000244140625,377410.24670410156
2022-07-06,AAPL,BUY,2641.0,142.9199981689453,377451.71516418457
2022-07-14,AAPL,SELL,2641.0,148.47000122070312,392109.27322387695
2022-07-22,AAPL,BUY,2545.0,154.08999633789062,392159.04067993164
2022-07-27,AAPL,SELL,2545.0,156.7899932861328,399030.532913208
2022-08-10,AAPL,BUY,2357.0,169.24000549316406,398898.6929473877
2022-09-21,AAPL,SELL,2357.0,153.72000122070312,362318.04287719727
2022-09-23,AAPL,BUY,2409.0,150.42999267578125,362385.85235595703
2022-09-28,AAPL,SELL,2409.0,149.83999633789062,360964.5511779785
2022-10-13,AAPL,BUY,2524.0,142.99000549316406,360906.7738647461
2022-10-27,AAPL,SELL,2524.0,144.8000030517578,365475.2077026367
2022-11-03,AAPL,BUY,2632.0,138.8800048828125,365532.1728515625
2022-11-16,AAPL,SELL,2632.0,148.7899932861328,391615.26232910156
2022-11-21,AAPL,BUY,2646.0,148.00999450683594,391634.4454650879
2022-11-28,AAPL,SELL,2646.0,144.22000122070312,381606.12322998047
2022-12-06,AAPL,BUY,2670.0,142.91000366210938,381569.70977783203
2022-12-28,AAPL,SELL,2670.0,126.04000091552734,336526.802444458
2022-12-29,AAPL,BUY,2597.0,129.61000061035156,336597.171585083
2023-01-03,AAPL,SELL,2597.0,125.06999969482422,324806.7892074585
2023-01-05,AAPL,BUY,2598.0,125.0199966430664,324801.9512786865
2023-01-11,AAPL,SELL,2598.0,133.49000549316406,346807.03427124023
2023-01-19,AAPL,BUY,2564.0,135.27000427246094,346832.29095458984
2023-02-02,AAPL,SELL,2564.0,150.82000732421875,386702.4987792969
2023-02-13,AAPL,BUY,2513.0,153.85000610351562,386625.06533813477
2023-03-16,AAPL,SELL,2513.0,155.85000610351562,391651.06533813477
2023-04-04,AAPL,BUY,2365.0,165.6300048828125,391714.96154785156
2023-04-17,AAPL,SELL,2365.0,165.22999572753906,390768.9398956299
2023-04-19,AAPL,BUY,2331.0,167.6300048828125,390745.54138183594
2023-05-19,AAPL,SELL,2331.0,175.16000366210938,408297.96853637695
2023-05-23,AAPL,BUY,2380.0,171.55999755859375,408312.7941894531
2023-06-06,AAPL,SELL,2380.0,179.2100067138672,426519.8159790039
2023-06-08,AAPL,BUY,2362.0,180.57000732421875,426506.3572998047
2023-06-27,AAPL,SELL,2362.0,188.05999755859375,444197.71423339844
2023-07-03,AAPL,BUY,2308.0,192.4600067138672,444197.69549560547
2023-09-07,AAPL,SELL,2308.0,177.55999755859375,409808.4743652344
2023-09-08,AAPL,BUY,2300.0,178.17999267578125,409813.9831542969
2023-11-03,AAPL,SELL,2300.0,176.64999389648438,406294.98596191406
2023-11-08,AAPL,BUY,2221.0,182.88999938964844,406198.6886444092
2023-11-17,AAPL,SELL,2221.0,189.69000244140625,421301.4954223633
2023-11-22,AAPL,BUY,2202.0,191.30999755859375,421264.61462402344
2023-11-29,AAPL,SELL,2202.0,189.3699951171875,416992.7292480469
2023-12-01,AAPL,BUY,2181.0,191.24000549316406,417094.4519805908
2023-12-08,AAPL,SELL,2181.0,195.7100067138672,426843.52464294434
2023-12-11,AAPL,BUY,2209.0,193.17999267578125,426734.6038208008
2023-12-18,AAPL,SELL,2209.0,195.88999938964844,432721.0086517334
2023-12-28,AAPL,BUY,2236.0,193.5800018310547,432844.8840942383
